id,symbol,side,pattern,signal,setup,aoi_kind,trend,entry_index,exit_index,entry_time,exit_time,entry_price,exit_price,stop_loss,take_profit,planned_rr,entry_cash,entry_equity,margin,notional,pnl,pnl_pct,account_pct,margin_return_pct,exit_reason,score
1,AUDUSD=X,long,alexg5|AUDUSD|NZD>JPY|bullish|bounce|support|rejection|NZD:+0.0043|EUR:+0.0028|AUD:+0.0023|USD:+0.0005|g:98:0.64286774:0.64263409:0.64333504,rejection,bounce,support,bullish,99,100,2023-09-25 03:00:00+00:00,2023-09-25 04:00:00+00:00,0.6426340937614441,0.6425055669426918,0.6425055669426918,0.6428911473989487,2.0,1000.0,1000.0,10.0,50000.0,-10.0,-0.00020000000000002655,-0.01,-1.0,margin_stop,2.0
2,NZDUSD=X,short,alexg5|NZDUSD|USD>CHF|bearish|continuation|support|momentum|USD:+0.0043|JPY:-0.0006|NZD:-0.0008|CAD:-0.0008|g:126:0.59495479:0.59610075:0.59266287,momentum,continuation,support,bearish,128,129,2023-09-26 08:00:00+00:00,2023-09-26 09:00:00+00:00,0.5961007475852966,0.5962199677348137,0.5962199677348137,0.5958623072862625,2.0,990.0,990.0,9.9,49500.0,-9.9,-0.000199999999999969,-0.01,-1.0,margin_stop,2.0
3,NZDUSD=X,short,alexg5|NZDUSD|USD>AUD|bearish|continuation|support|momentum|USD:+0.0040|CAD:+0.0014|GBP:+0.0013|JPY:-0.0001|g:166:0.59182101:0.59278107:0.58990091,momentum,continuation,support,bearish,168,169,2023-09-28 00:00:00+00:00,2023-09-28 01:00:00+00:00,0.5927810668945312,0.5928996231079101,0.5928996231079101,0.5925439544677735,2.0,980.1,980.1,9.801,49005.0,-9.801,-0.0001999999999999254,-0.01,-1.0,margin_stop,2.0
4,USDJPY=X,long,alexg5|USDJPY|GBP>EUR|bullish|bounce|support|bullish_engulfing|GBP:+0.0039|CAD:+0.0017|USD:+0.0007|NZD:+0.0005|g:176:149.37800598:149.21301270:149.70799255,bullish_engulfing,bounce,support,bullish,177,178,2023-09-28 09:00:00+00:00,2023-09-28 10:00:00+00:00,149.2130126953125,149.2726979003906,149.18317009277345,149.2726979003906,2.0,970.299,970.299,9.703,48514.95,19.406,0.00039999999999981045,0.019999999999990525,1.9999999999990523,take_profit,2.0
5,NZDUSD=X,long,alexg5|NZDUSD|NZD>CAD|bullish|bounce|support|rejection|NZD:+0.0052|EUR:+0.0014|AUD:+0.0010|USD:+0.0004|g:216:0.59970015:0.59845380:0.60499728,rejection,bounce,support,bullish,220,221,2023-10-02 05:00:00+00:00,2023-10-02 06:00:00+00:00,0.5984538019299507,0.5989325649714946,0.5983341111695647,0.5989325649714946,4.0,989.705,989.705,9.897,49485.249,39.5882,0.0007999999999999458,0.039999999999997295,3.9999999999997295,take_profit,4.0
6,USDCHF=X,short,alexg5|USDCHF|CHF>USD|bearish|continuation|support|momentum|CHF:+0.0079|AUD:+0.0053|GBP:+0.0037|NZD:+0.0033|g:273:0.91501999:0.91709498:0.91087002,momentum,continuation,support,bearish,275,276,2023-10-04 14:00:00+00:00,2023-10-04 15:00:00+00:00,0.9170949757099152,0.9172783947050571,0.9172783947050571,0.9166364282220603,2.5,1029.2932,1029.2932,10.2929,51464.659,-10.2929,-0.00019999999999997442,-0.01,-1.0,margin_stop,2.5
7,NZDUSD=X,short,alexg5|NZDUSD|GBP>CAD|bearish|continuation|support|momentum|GBP:+0.0023|CHF:+0.0019|AUD:+0.0009|EUR:+0.0005|g:277:0.58906692:0.58988011:0.58744055,momentum,continuation,support,bearish,278,279,2023-10-04 15:00:00+00:00,2023-10-04 16:00:00+00:00,0.589880108833313,0.5899980848550797,0.5899980848550797,0.589526180768013,3.0,1019.0002,1019.0002,10.19,50950.0124,-10.19,-0.0002000000000000018,-0.01,-1.0,margin_stop,3.0
8,USDCHF=X,short,alexg5|USDCHF|CHF>USD|bearish|continuation|support|momentum|CHF:+0.0066|AUD:+0.0053|GBP:+0.0027|NZD:+0.0018|g:285:0.91491997:0.91694495:0.91087002,momentum,continuation,support,bearish,292,293,2023-10-05 07:00:00+00:00,2023-10-05 08:00:00+00:00,0.9169449508190155,0.9171283398091793,0.9171283398091793,0.9163030893534423,3.5,1008.8102,1008.8102,10.0881,50440.5122,-10.0881,-0.00019999999999998662,-0.01,-1.0,margin_stop,3.5
9,AUDUSD=X,long,alexg5|AUDUSD|NZD>JPY|bullish|continuation|resistance|momentum|NZD:+0.0039|AUD:+0.0027|GBP:+0.0019|EUR:+0.0016|g:313:0.63812137:0.63671032:0.64094347,momentum,continuation,resistance,bullish,316,317,2023-10-06 05:00:00+00:00,2023-10-06 06:00:00+00:00,0.6367103159427643,0.6365829738795757,0.6365829738795757,0.6372196841955184,4.0,998.7221,998.7221,9.9872,49936.1071,-9.9872,-0.0001999999999999802,-0.01,-1.0,margin_stop,4.0
10,EURUSD=X,long,alexg5|EURUSD|NZD>USD|bullish|continuation|resistance|momentum|NZD:+0.0094|AUD:+0.0064|CHF:+0.0057|CAD:+0.0031|g:301:1.05329680:1.05047146:1.06112051,momentum,continuation,resistance,bullish,323,324,2023-10-06 12:00:00+00:00,2023-10-06 13:00:00+00:00,1.0504714615345,1.0502613672421932,1.0502613672421932,1.0514168858498811,4.5,988.7349,988.7349,9.8873,49436.7461,-9.8873,-0.00019999999999999513,-0.01,-1.0,margin_stop,4.5
11,AUDUSD=X,short,alexg5|AUDUSD|CHF>NZD|bearish|continuation|support|momentum|CHF:+0.0030|EUR:+0.0024|GBP:+0.0019|CAD:+0.0004|g:414:0.64109957:0.64187446:0.63954979,momentum,continuation,support,bearish,415,416,2023-10-12 08:00:00+00:00,2023-10-12 09:00:00+00:00,0.6418744623661041,0.6412325879037382,0.6420028372585773,0.6412325879037382,5.0,978.8476,978.8476,9.7885,48942.3786,48.9424,0.000999999999999784,0.0499999999999892,4.99999999999892,take_profit,5.0
12,GBPUSD=X,short,alexg5|GBPUSD|USD>AUD|bearish|continuation|support|three_black_crows|USD:+0.0092|JPY:+0.0024|EUR:-0.0028|CHF:-0.0065|g:424:1.21735954:1.21998643:1.21080029,three_black_crows,continuation,support,bearish,432,433,2023-10-13 02:00:00+00:00,2023-10-13 03:00:00+00:00,1.2199864330291748,1.2202304303157805,1.2202304303157805,1.2190917763116205,3.6667,1027.79,1027.79,10.2779,51389.4975,-10.2779,-0.00019999999999991802,-0.01,-1.0,margin_stop,3.666666666666667
13,GBPJPY=X,short,alexg5|GBPJPY|USD>NZD|bearish|continuation|support|momentum|USD:+0.0098|JPY:+0.0035|EUR:-0.0050|GBP:-0.0061|g:440:182.05400085:182.30850220:181.54499817,momentum,continuation,support,bearish,441,442,2023-10-13 11:00:00+00:00,2023-10-13 12:00:00+00:00,182.30850219726562,182.34496389770507,182.34496389770507,182.16265539550784,4.0,1017.5121,1017.5121,10.1751,50875.6025,-10.1751,-0.00019999999999996133,-0.01,-1.0,margin_stop,4.0
14,GBPUSD=X,short,alexg5|GBPUSD|CHF>GBP|bearish|continuation|support|momentum|CHF:+0.0054|JPY:+0.0030|CAD:+0.0020|AUD:+0.0020|g:462:1.21468306:1.21662444:1.21080029,momentum,continuation,support,bearish,464,465,2023-10-16 11:00:00+00:00,2023-10-16 12:00:00+00:00,1.2166244387626648,1.2168677636504173,1.2168677636504173,1.2155700309157373,4.3333,1007.3369,1007.3369,10.0734,50366.8465,-10.0734,-0.00019999999999994978,-0.01,-1.0,margin_stop,4.333333333333333
15,USDCAD=X,short,alexg5|USDCAD|CAD>USD|bearish|continuation|support|momentum|CAD:+0.0049|CHF:+0.0046|NZD:+0.0028|EUR:+0.0013|g:465:1.36109996:1.36339992:1.35650003,momentum,continuation,support,bearish,466,467,2023-10-16 13:00:00+00:00,2023-10-16 14:00:00+00:00,1.3633999228477478,1.3621274162530896,1.3636726028323174,1.3621274162530896,4.6667,997.2636,997.2636,9.9726,49863.1781,46.539,0.0009333333333335275,0.046666666666676376,4.666666666667638,take_profit,4.666666666666667
16,NZDUSD=X,long,alexg5|NZDUSD|AUD>USD|bullish|bounce|support|bullish_engulfing|AUD:+0.0079|GBP:+0.0039|CAD:+0.0027|CHF:+0.0023|g:477:0.59080702:0.58986154:0.59269798,bullish_engulfing,bounce,support,bullish,483,484,2023-10-17 06:00:00+00:00,2023-10-17 07:00:00+00:00,0.5898615419864655,0.5897435696780682,0.5897435696780682,0.5903039381429552,3.75,1043.8025,1043.8025,10.438,52190.1264,-10.438,-0.00019999999999996748,-0.01,-1.0,margin_stop,3.75
17,USDCAD=X,short,alexg5|USDCAD|AUD>NZD|bearish|continuation|support|momentum|AUD:+0.0060|EUR:+0.0046|CHF:+0.0013|CAD:-0.0002|g:492:1.36189997:1.36459994:1.35650003,momentum,continuation,support,bearish,494,495,2023-10-17 17:00:00+00:00,2023-10-17 18:00:00+00:00,1.3645999431610107,1.364872863149643,1.364872863149643,1.3635082632064819,4.0,1033.3645,1033.3645,10.3336,51668.2251,-10.3336,-0.00020000000000000885,-0.01,-1.0,margin_stop,4.0
18,USDCHF=X,long,alexg5|USDCHF|GBP>CHF|bullish|continuation|resistance|momentum|GBP:+0.0020|USD:+0.0008|EUR:-0.0005|CAD:-0.0006|g:574:0.89458001:0.89263543:0.90086001,momentum,continuation,resistance,bullish,580,581,2023-10-23 08:00:00+00:00,2023-10-23 09:00:00+00:00,0.8926354311704635,0.8924569040842294,0.8924569040842294,0.8933941712869585,4.25,1023.0309,1023.0309,10.2303,51151.5429,-10.2303,-0.0002000000000000248,-0.01,-1.0,margin_stop,4.25
19,AUDUSD=X,long,alexg5|AUDUSD|AUD>USD|bullish|continuation|resistance|momentum|AUD:+0.0104|NZD:+0.0074|GBP:+0.0061|EUR:+0.0052|g:605:0.63747865:0.63648400:0.63946795,momentum,continuation,resistance,bullish,608,609,2023-10-24 09:00:00+00:00,2023-10-24 10:00:00+00:00,0.6364839971065521,0.6363567003071309,0.6363567003071309,0.6370568327039478,4.5,1012.8005,1012.8005,10.128,50640.0274,-10.128,-0.00019999999999990566,-0.01,-1.0,margin_stop,4.5
20,EURGBP=X,short,alexg5|EURGBP|USD>CHF|bearish|continuation|support|momentum|USD:+0.0024|GBP:+0.0010|NZD:-0.0007|JPY:-0.0010|g:658:0.86931998:0.87118934:0.86461002,momentum,continuation,support,bearish,665,667,2023-10-26 21:00:00+00:00,2023-10-26 23:00:00+00:00,0.8711893420815467,0.8703617122065693,0.871363579949963,0.8703617122065693,4.75,1002.6725,1002.6725,10.0267,50133.6271,47.6269,0.0009499999999999435,0.047499999999997176,4.749999999999718,take_profit,4.75
21,EURUSD=X,long,alexg5|EURUSD|AUD>USD|bullish|continuation|resistance|momentum|AUD:+0.0065|NZD:+0.0038|GBP:+0.0028|JPY:+0.0003|g:676:1.05652404:1.05468669:1.06112051,momentum,continuation,resistance,bullish,679,680,2023-10-27 11:00:00+00:00,2023-10-27 12:00:00+00:00,1.0546866934299468,1.0544757560912608,1.0544757560912608,1.055530442784691,4.0,1050.2995,1050.2995,10.503,52514.9744,-10.503,-0.00020000000000005351,-0.01,-1.0,margin_stop,4.0
22,USDCAD=X,long,alexg5|USDCAD|JPY>CHF|bullish|bounce|support|bullish_engulfing|JPY:+0.0042|AUD:+0.0022|NZD:+0.0013|USD:+0.0003|g:700:1.38615000:1.38520998:1.38803005,bullish_engulfing,bounce,support,bullish,701,702,2023-10-30 09:00:00+00:00,2023-10-30 10:00:00+00:00,1.3852099776268005,1.3849329356312752,1.3849329356312752,1.386373554008007,4.2,1039.7965,1039.7965,10.398,51989.8247,-10.398,-0.00020000000000000153,-0.01,-1.0,margin_stop,4.2
23,EURUSD=X,long,alexg5|EURUSD|EUR>JPY|bullish|continuation|resistance|momentum|EUR:+0.0080|NZD:+0.0050|GBP:+0.0047|CAD:+0.0030|g:722:1.06473601:1.06308711:1.06803381,momentum,continuation,resistance,bullish,726,727,2023-10-31 12:00:00+00:00,2023-10-31 13:00:00+00:00,1.0630871057510376,1.0628744883298875,1.0628744883298875,1.064022622404098,4.4,1029.3985,1029.3985,10.294,51469.9264,-10.294,-0.00019999999999988503,-0.01,-1.0,margin_stop,4.4
24,EURGBP=X,long,alexg5|EURGBP|CAD>USD|bullish|bounce|support|bullish_engulfing|CAD:+0.0070|NZD:+0.0040|EUR:+0.0020|AUD:+0.0019|g:792:0.87097001:0.86974904:0.87343001,bullish_engulfing,bounce,support,bullish,798,799,2023-11-03 12:00:00+00:00,2023-11-03 13:00:00+00:00,0.8697490422725678,0.8695750924641132,0.8695750924641132,0.8705492113914586,4.6,1019.1045,1019.1045,10.191,50955.2272,-10.191,-0.00020000000000002134,-0.01,-1.0,margin_stop,4.6000000000000005
25,USDCHF=X,short,alexg5|USDCHF|NZD>USD|bearish|continuation|support|momentum|NZD:+0.0151|GBP:+0.0114|CHF:+0.0112|AUD:+0.0110|g:816:0.89585000:0.89783502:0.89187998,momentum,continuation,support,bearish,820,821,2023-11-06 12:00:00+00:00,2023-11-06 13:00:00+00:00,0.8978350162506104,0.8980145832538604,0.8980145832538604,0.8969730946350101,4.8,1008.9135,1008.9135,10.0891,50445.6749,-10.0891,-0.00019999999999992916,-0.01,-1.0,margin_stop,4.8
26,EURGBP=X,short,alexg5|EURGBP|GBP>JPY|bearish|continuation|support|momentum|GBP:+0.0039|EUR:+0.0023|NZD:+0.0017|CHF:+0.0017|g:890:0.86970001:0.87150002:0.86610001,momentum,continuation,support,bearish,892,893,2023-11-09 11:00:00+00:00,2023-11-09 12:00:00+00:00,0.8715000152587891,0.8716743152618408,0.8716743152618408,0.8706285152435304,5.0,998.8244,998.8244,9.9882,49941.2182,-9.9882,-0.00019999999999998144,-0.01,-1.0,margin_stop,5.0
27,GBPUSD=X,short,alexg5|GBPUSD|USD>AUD|bearish|continuation|support|momentum|USD:+0.0068|JPY:-0.0002|EUR:-0.0011|CHF:-0.0033|g:918:1.22039020:1.22271949:1.21573162,momentum,continuation,support,bearish,922,923,2023-11-10 18:00:00+00:00,2023-11-10 19:00:00+00:00,1.2227194905281067,1.2229640344262123,1.2229640344262123,1.2214478622579577,5.2,988.8361,988.8361,9.8884,49441.806,-9.8884,-0.00019999999999996282,-0.01,-1.0,margin_stop,5.199999999999999
28,USDCAD=X,short,alexg5|USDCAD|NZD>USD|bearish|continuation|support|momentum|NZD:+0.0301|AUD:+0.0252|CHF:+0.0163|CAD:+0.0114|g:990:1.36776996:1.37040496:1.36249995,momentum,continuation,support,bearish,1005,1006,2023-11-16 02:00:00+00:00,2023-11-16 03:00:00+00:00,1.3704049587249756,1.3706790397167206,1.3706790397167206,1.3689249213695527,5.4,978.9478,978.9478,9.7895,48947.3879,-9.7895,-0.00019999999999998445,-0.01,-1.0,margin_stop,5.4
29,EURJPY=X,short,alexg5|EURJPY|AUD>USD|bearish|continuation|support|momentum|AUD:+0.0129|NZD:+0.0124|JPY:+0.0059|CHF:+0.0056|g:1057:162.08500671:162.42050934:161.41400146,momentum,continuation,support,bearish,1062,1063,2023-11-20 14:00:00+00:00,2023-11-20 15:00:00+00:00,162.4205093383789,162.2385983679199,162.4529934402466,162.2385983679199,5.6,969.1583,969.1583,9.6916,48457.914,54.2729,0.0011200000000000994,0.05600000000000497,5.600000000000497,take_profit,5.6
30,GBPJPY=X,long,alexg5|GBPJPY|USD>JPY|bullish|continuation|resistance|momentum|USD:+0.0052|GBP:+0.0046|CAD:+0.0000|EUR:-0.0008|g:1102:186.83799744:186.34915749:188.28199768,momentum,continuation,resistance,bullish,1105,1106,2023-11-22 11:00:00+00:00,2023-11-22 12:00:00+00:00,186.3491574859619,186.52929500486496,186.31188765446473,186.52929500486496,4.8333,1023.4311,1023.4311,10.2343,51171.5572,49.4658,0.0009666666666664293,0.04833333333332147,4.833333333332146,take_profit,4.833333333333333
31,EURJPY=X,long,alexg5|EURJPY|AUD>USD|bullish|continuation|resistance|momentum|AUD:+0.0049|NZD:+0.0048|CAD:+0.0042|CHF:+0.0013|g:1127:162.77200317:162.25150299:163.81300354,momentum,continuation,resistance,bullish,1191,1192,2023-11-28 00:00:00+00:00,2023-11-28 01:00:00+00:00,162.25150299072266,162.39057570757177,162.21905269012453,162.39057570757177,4.2857,1072.897,1072.897,10.729,53644.8492,45.9813,0.0008571428571423831,0.042857142857119154,4.285714285711915,take_profit,4.285714285714286
32,USDJPY=X,long,alexg5|USDJPY|CAD>JPY|bullish|bounce|support|bullish_engulfing|CAD:+0.0058|NZD:+0.0041|AUD:+0.0026|GBP:+0.0022|g:1264:147.97900391:147.70850372:148.52000427,bullish_engulfing,bounce,support,bullish,1269,1270,2023-12-01 15:00:00+00:00,2023-12-01 16:00:00+00:00,147.70850372314453,147.6789620223999,147.6789620223999,147.82297781352997,3.875,1118.8783,1118.8783,11.1888,55943.9141,-11.1888,-0.00020000000000000985,-0.01,-1.0,margin_stop,3.875
33,GBPUSD=X,short,alexg5|GBPUSD|JPY>EUR|bearish|continuation|support|momentum|JPY:+0.0036|USD:+0.0019|CHF:+0.0017|GBP:-0.0008|g:1245:1.26657641:1.27026856:1.25919211,momentum,continuation,support,bearish,1279,1280,2023-12-01 18:00:00+00:00,2023-12-01 19:00:00+00:00,1.2702685594558716,1.2705226131677627,1.2705226131677627,1.269252344608307,4.0,1107.6895,1107.6895,11.0769,55384.475,-11.0769,-0.00019999999999996784,-0.01,-1.0,margin_stop,4.0
34,NZDUSD=X,short,alexg5|NZDUSD|USD>AUD|bearish|continuation|support|momentum|USD:+0.0044|JPY:+0.0014|GBP:-0.0020|EUR:-0.0020|g:1325:0.61323357:0.61531695:0.60628110,momentum,continuation,support,bearish,1334,1335,2023-12-06 01:00:00+00:00,2023-12-06 02:00:00+00:00,0.6153169484138489,0.6154400118035316,0.6154400118035316,0.6148093119314078,4.125,1096.6126,1096.6126,10.9661,54830.6302,-10.9661,-0.0001999999999999018,-0.01,-1.0,margin_stop,4.125
35,USDCHF=X,long,alexg5|USDCHF|USD>CHF|bullish|bounce|support|bullish_engulfing|USD:+0.0017|NZD:+0.0012|JPY:+0.0006|AUD:+0.0003|g:1336:0.87537003:0.87386003:0.87839001,bullish_engulfing,bounce,support,bullish,1337,1338,2023-12-06 07:00:00+00:00,2023-12-06 08:00:00+00:00,0.8738600313663483,0.8746028123930096,0.873685259360075,0.8746028123930096,4.25,1085.6465,1085.6465,10.8565,54282.3239,46.14,0.000849999999999965,0.042499999999998254,4.249999999999825,take_profit,4.25
36,USDCHF=X,long,alexg5|USDCHF|USD>JPY|bullish|bounce|support|bullish_engulfing|USD:+0.0065|EUR:+0.0039|GBP:+0.0027|CAD:-0.0013|g:1408:0.88038999:0.87955499:0.88205999,bullish_engulfing,bounce,support,bullish,1409,1410,2023-12-11 08:00:00+00:00,2023-12-11 09:00:00+00:00,0.8795549869537354,0.8793790759563446,0.8793790759563446,0.8802390852769217,3.8889,1131.7865,1131.7865,11.3179,56589.3227,-11.3179,-0.00020000000000004018,-0.01,-1.0,margin_stop,3.8888888888888893
37,AUDUSD=X,short,alexg5|AUDUSD|GBP>JPY|bearish|continuation|support|bearish_engulfing|GBP:+0.0029|EUR:+0.0027|CHF:+0.0018|USD:+0.0011|g:1431:0.65658587:0.65763012:0.65449739,bearish_engulfing,continuation,support,bearish,1432,1433,2023-12-12 00:00:00+00:00,2023-12-12 01:00:00+00:00,0.6576301157474518,0.6577616417706013,0.6577616417706013,0.6571040116548539,4.0,1120.4686,1120.4686,11.2047,56023.4295,-11.2047,-0.00019999999999997705,-0.01,-1.0,margin_stop,4.0
38,USDCHF=X,long,alexg5|USDCHF|USD>NZD|bullish|continuation|resistance|momentum|USD:+0.0037|EUR:+0.0021|CHF:+0.0003|GBP:-0.0010|g:1455:0.87606001:0.87444396:0.88205999,momentum,continuation,resistance,bullish,1468,1469,2023-12-13 19:00:00+00:00,2023-12-13 20:00:00+00:00,0.8744439573287964,0.8742690685373307,0.8742690685373307,0.8751629445826001,4.1111,1109.2639,1109.2639,11.0926,55463.1952,-11.0926,-0.00020000000000000765,-0.01,-1.0,margin_stop,4.111111111111111
39,EURGBP=X,long,alexg5|EURGBP|USD>NZD|bullish|continuation|resistance|momentum|USD:+0.0034|EUR:+0.0027|CHF:+0.0007|JPY:-0.0016|g:1459:0.86132997:0.86025995:0.86347002,momentum,continuation,resistance,bullish,1488,1489,2023-12-14 12:00:00+00:00,2023-12-14 13:00:00+00:00,0.8602599501609802,0.860087898170948,0.860087898170948,0.8609863918966718,4.2222,1098.1713,1098.1713,10.9817,54908.5632,-10.9817,-0.0002000000000000386,-0.01,-1.0,margin_stop,4.222222222222222
40,USDJPY=X,short,alexg5|USDJPY|JPY>EUR|bearish|bounce|resistance|rejection|JPY:+0.0030|NZD:+0.0027|USD:+0.0022|CAD:+0.0010|g:1517:142.15499878:142.42499542:141.61500549,rejection,bounce,resistance,bearish,1521,1522,2023-12-18 08:00:00+00:00,2023-12-18 09:00:00+00:00,142.42499542236328,142.45348042144775,142.45348042144775,142.30156042633058,4.3333,1087.1896,1087.1896,10.8719,54359.4776,-10.8719,-0.0001999999999999751,-0.01,-1.0,margin_stop,4.333333333333333
41,GBPUSD=X,short,alexg5|GBPUSD|NZD>GBP|bearish|continuation|support|momentum|NZD:+0.0041|AUD:+0.0022|USD:+0.0012|CAD:+0.0007|g:1531:1.26680088:1.27076956:1.25781417,momentum,continuation,support,bearish,1556,1557,2023-12-19 10:00:00+00:00,2023-12-19 11:00:00+00:00,1.2707695598602295,1.2710237137722016,1.2710237137722016,1.2696399869181316,4.4444,1076.3177,1076.3177,10.7632,53815.8828,-10.7632,-0.00019999999999998955,-0.01,-1.0,margin_stop,4.444444444444445
42,EURJPY=X,long,alexg5|EURJPY|CHF>JPY|bullish|bounce|support|bullish_engulfing|CHF:+0.0069|NZD:+0.0065|AUD:+0.0061|GBP:+0.0042|g:1574:157.90100098:157.56800079:158.56700134,bullish_engulfing,bounce,support,bullish,1575,1576,2023-12-20 03:00:00+00:00,2023-12-20 04:00:00+00:00,157.56800079345703,157.53648719329834,157.53648719329834,157.7115627497355,4.5556,1065.5545,1065.5545,10.6555,53277.724,-10.6555,-0.00019999999999998673,-0.01,-1.0,margin_stop,4.555555555555555
43,EURGBP=X,short,alexg5|EURGBP|NZD>USD|bearish|bounce|resistance|rejection|NZD:+0.0077|AUD:+0.0075|CHF:+0.0062|CAD:+0.0038|g:1574:0.86236000:0.86327001:0.86053997,rejection,bounce,resistance,bearish,1578,1579,2023-12-20 07:00:00+00:00,2023-12-20 08:00:00+00:00,0.8632700145244598,0.8634426685273647,0.8634426685273647,0.862464295844237,4.6667,1054.8989,1054.8989,10.549,52744.9467,-10.549,-0.00020000000000000104,-0.01,-1.0,margin_stop,4.666666666666667
44,EURJPY=X,short,alexg5|EURJPY|JPY>GBP|bearish|continuation|support|momentum|JPY:+0.0111|NZD:+0.0085|AUD:+0.0056|CAD:+0.0037|g:1583:156.80599976:156.99749756:156.42300415,momentum,continuation,support,bearish,1584,1585,2023-12-20 12:00:00+00:00,2023-12-20 13:00:00+00:00,156.99749755859375,157.02889705810546,157.02889705810546,156.84747772759337,4.7778,1044.3499,1044.3499,10.4435,52217.4973,-10.4435,-0.00019999999999992555,-0.01,-1.0,margin_stop,4.777777777777778
45,GBPJPY=X,short,alexg5|GBPJPY|JPY>USD|bearish|continuation|support|momentum|JPY:+0.0065|CHF:+0.0046|AUD:+0.0013|CAD:+0.0010|g:1607:180.31599426:180.70648956:179.53500366,momentum,continuation,support,bearish,1620,1621,2023-12-22 02:00:00+00:00,2023-12-22 03:00:00+00:00,180.70648956298828,180.74263086090087,180.74263086090087,180.5297987731934,4.8889,1033.9064,1033.9064,10.3391,51695.3223,-10.3391,-0.00019999999999997434,-0.01,-1.0,margin_stop,4.888888888888888
46,EURJPY=X,short,alexg5|EURJPY|USD>CHF|bearish|continuation|support|bearish_engulfing|USD:+0.0023|GBP:+0.0022|AUD:+0.0011|JPY:+0.0004|g:1766:155.92199707:156.18799591:155.38999939,bearish_engulfing,continuation,support,bearish,1767,1768,2024-01-02 08:00:00+00:00,2024-01-02 09:00:00+00:00,156.18799591064453,156.21923350982667,156.21923350982667,156.03180791473386,5.0,1023.5674,1023.5674,10.2357,51178.3691,-10.2357,-0.00020000000000003319,-0.01,-1.0,margin_stop,5.0
47,NZDUSD=X,short,alexg5|NZDUSD|GBP>JPY|bearish|bounce|resistance|rejection|GBP:+0.0074|USD:+0.0025|EUR:+0.0007|CHF:+0.0002|g:1833:0.62637019:0.62719196:0.62472665,rejection,bounce,resistance,bearish,1834,1835,2024-01-04 06:00:00+00:00,2024-01-04 07:00:00+00:00,0.627191960811615,0.6273173992037773,0.6273173992037773,0.6265508312516744,5.1111,1013.3317,1013.3317,10.1333,50666.5854,-10.1333,-0.00019999999999993203,-0.01,-1.0,margin_stop,5.111111111111111
48,EURUSD=X,long,alexg5|EURUSD|EUR>JPY|bullish|bounce|support|rejection|EUR:+0.0059|GBP:+0.0042|USD:+0.0026|CAD:-0.0002|g:1827:1.09505033:1.09420967:1.09673166,rejection,bounce,support,bullish,1832,1833,2024-01-05 04:00:00+00:00,2024-01-05 05:00:00+00:00,1.0942096710205078,1.0939908290863036,1.0939908290863036,1.095352512232463,5.2222,1003.1984,1003.1984,10.032,50159.9195,-10.032,-0.000200000000000075,-0.01,-1.0,margin_stop,5.222222222222222
49,GBPUSD=X,short,alexg5|GBPUSD|USD>AUD|bearish|continuation|support|momentum|USD:+0.0056|GBP:+0.0018|EUR:+0.0003|CHF:-0.0026|g:1836:1.26648009:1.26912361:1.26119304,momentum,continuation,support,bearish,1842,1843,2024-01-05 14:00:00+00:00,2024-01-05 15:00:00+00:00,1.269123613834381,1.269377438557148,1.269377438557148,1.2677698819796248,5.3333,993.1664,993.1664,9.9317,49658.3203,-9.9317,-0.00019999999999994344,-0.01,-1.0,margin_stop,5.333333333333333
50,USDJPY=X,short,alexg5|USDJPY|JPY>EUR|bearish|continuation|support|momentum|JPY:+0.0045|NZD:+0.0044|AUD:+0.0024|CAD:+0.0018|g:1877:143.76600647:144.22400665:142.85000610,momentum,continuation,support,bearish,1879,1880,2024-01-09 15:00:00+00:00,2024-01-09 16:00:00+00:00,144.22400665283203,144.2528514541626,144.2528514541626,144.06696273447673,5.4444,983.2347,983.2347,9.8323,49161.7371,-9.8323,-0.00019999999999998329,-0.01,-1.0,margin_stop,5.444444444444444
51,NZDUSD=X,short,alexg5|NZDUSD|USD>CHF|bearish|continuation|support|momentum|USD:+0.0034|EUR:+0.0012|NZD:-0.0006|GBP:-0.0007|g:1929:0.62351912:0.62535017:0.61915672,momentum,continuation,support,bearish,1932,1933,2024-01-10 09:00:00+00:00,2024-01-10 10:00:00+00:00,0.6253501722216606,0.6246553386969701,0.6254752422561048,0.6246553386969701,5.5556,973.4024,973.4024,9.734,48670.1198,54.0779,0.0011111111111106787,0.05555555555553393,5.5555555555533935,take_profit,5.555555555555555
52,GBPUSD=X,short,alexg5|GBPUSD|USD>CHF|bearish|continuation|support|momentum|USD:+0.0036|JPY:+0.0002|NZD:-0.0012|GBP:-0.0012|g:1890:1.27032530:1.27337316:1.26119304,momentum,continuation,support,bearish,1909,1910,2024-01-10 10:00:00+00:00,2024-01-10 11:00:00+00:00,1.2733731580972671,1.272074317476008,1.2736278327288866,1.272074317476008,5.1,1027.4803,1027.4803,10.2748,51374.0153,52.4015,0.0010199999999998862,0.05099999999999431,5.09999999999943,take_profit,5.1
53,EURUSD=X,long,alexg5|EURUSD|GBP>JPY|bullish|continuation|resistance|momentum|GBP:+0.0055|CHF:+0.0047|EUR:+0.0043|AUD:+0.0042|g:1929:1.09890103:1.09629238:1.10411835,momentum,continuation,resistance,bullish,1932,1934,2024-01-11 09:00:00+00:00,2024-01-11 11:00:00+00:00,1.0962923765182495,1.0973288711287754,1.096073118042946,1.0973288711287754,4.7273,1079.8818,1079.8818,10.7988,53994.0901,51.049,0.0009454545454541455,0.04727272727270728,4.727272727270728,take_profit,4.7272727272727275
54,EURGBP=X,long,alexg5|EURGBP|EUR>JPY|bullish|bounce|support|bullish_engulfing|EUR:+0.0026|GBP:+0.0020|CHF:+0.0015|AUD:+0.0004|g:1937:0.86059999:0.85893938:0.86392999,bullish_engulfing,bounce,support,bullish,1950,1951,2024-01-11 22:00:00+00:00,2024-01-11 23:00:00+00:00,0.8589393811225892,0.8596981109092474,0.8587675932463646,0.8596981109092474,4.4167,1130.9308,1130.9308,11.3093,56546.538,49.9494,0.0008833333333332925,0.044166666666664633,4.416666666666463,take_profit,4.416666666666667
55,USDCHF=X,long,alexg5|USDCHF|JPY>CHF|bullish|continuation|resistance|bullish_engulfing|JPY:+0.0024|USD:+0.0012|CAD:-0.0008|GBP:-0.0009|g:1951:0.85307002:0.85189003:0.85543001,bullish_engulfing,continuation,resistance,bullish,1952,1953,2024-01-12 08:00:00+00:00,2024-01-12 09:00:00+00:00,0.8518900275230408,0.8517196495175362,0.8517196495175362,0.8525977515459059,4.1538,1180.8802,1180.8802,11.8088,59044.0101,-11.8088,-0.00019999999999995266,-0.01,-1.0,margin_stop,4.153846153846154
56,EURUSD=X,short,alexg5|EURUSD|USD>CHF|bearish|continuation|support|momentum|USD:+0.0029|JPY:+0.0024|CAD:-0.0011|GBP:-0.0013|g:1959:1.09409189:1.09623808:1.08979952,momentum,continuation,support,bearish,1960,1961,2024-01-12 13:00:00+00:00,2024-01-12 14:00:00+00:00,1.0962380766868591,1.0964573243021964,1.0964573243021964,1.0953104906219704,4.2308,1169.0714,1169.0714,11.6907,58453.57,-11.6907,-0.00019999999999994783,-0.01,-1.0,margin_stop,4.230769230769231
57,NZDUSD=X,short,alexg5|NZDUSD|JPY>CHF|bearish|continuation|support|momentum|JPY:+0.0025|CAD:+0.0010|USD:+0.0001|GBP:+0.0001|g:1980:0.62445360:0.62571579:0.62192923,momentum,continuation,support,bearish,1984,1985,2024-01-12 13:00:00+00:00,2024-01-12 14:00:00+00:00,0.6257157921791077,0.6258409353375435,0.6258409353375435,0.6251863403549561,4.2308,1157.3807,1169.0714,11.5738,57869.0343,-11.5738,-0.00019999999999998835,-0.01,-1.0,margin_stop,4.230769230769231
58,AUDUSD=X,short,alexg5|AUDUSD|USD>NZD|bearish|continuation|support|momentum|USD:+0.0047|EUR:-0.0001|GBP:-0.0009|CHF:-0.0010|g:2012:0.66586763:0.66666821:0.66426647,momentum,continuation,support,bearish,2014,2015,2024-01-15 11:00:00+00:00,2024-01-15 12:00:00+00:00,0.6666682064533234,0.6660835897184336,0.666801540094614,0.6660835897184336,4.3846,1145.8069,1145.8069,11.4581,57290.3439,50.2392,0.0008769230769229344,0.04384615384614672,4.384615384614672,take_profit,4.384615384615385
59,USDCAD=X,short,alexg5|USDCAD|CAD>USD|bearish|continuation|support|momentum|CAD:+0.0040|GBP:+0.0022|CHF:+0.0011|NZD:-0.0001|g:2131:1.34178996:1.34394178:1.33389997,momentum,continuation,support,bearish,2133,2134,2024-01-22 13:00:00+00:00,2024-01-22 14:00:00+00:00,1.3439417779445648,1.3442105663001538,1.3442105663001538,1.3428282261856963,4.1429,1196.0461,1196.0461,11.9605,59802.3052,-11.9605,-0.00020000000000004018,-0.01,-1.0,margin_stop,4.142857142857142
60,EURGBP=X,long,alexg5|EURGBP|CAD>USD|bullish|bounce|support|bullish_engulfing|CAD:+0.0044|AUD:+0.0029|NZD:+0.0025|JPY:+0.0020|g:2100:0.85768002:0.85570005:0.86163998,bullish_engulfing,bounce,support,bullish,2107,2108,2024-01-22 13:00:00+00:00,2024-01-22 14:00:00+00:00,0.8557000458240509,0.8564090544334477,0.8555289058148862,0.8564090544334477,4.1429,1184.0856,1196.0461,11.8409,59204.2821,49.055,0.0008285714285711376,0.04142857142855688,4.142857142855688,take_profit,4.142857142857142
61,NZDUSD=X,long,alexg5|NZDUSD|CAD>USD|bullish|bounce|support|rejection|CAD:+0.0036|GBP:+0.0028|NZD:+0.0013|AUD:+0.0005|g:2127:0.61169565:0.61066321:0.61376053,rejection,bounce,support,bullish,2128,2129,2024-01-22 15:00:00+00:00,2024-01-22 16:00:00+00:00,0.6106632053852081,0.610541072744131,0.610541072744131,0.6111517359495164,4.0,1233.1406,1233.1406,12.3314,61657.031,-12.3314,-0.00020000000000005848,-0.01,-1.0,margin_stop,4.0
62,GBPJPY=X,long,alexg5|GBPJPY|USD>NZD|bullish|continuation|resistance|momentum|USD:+0.0024|GBP:+0.0009|JPY:+0.0006|CHF:-0.0016|g:2114:188.21499634:187.85849762:188.92799377,momentum,continuation,resistance,bullish,2121,2122,2024-01-23 06:00:00+00:00,2024-01-23 07:00:00+00:00,187.8584976196289,187.820925920105,187.820925920105,188.0112891976928,4.0667,1220.8092,1220.8092,12.2081,61040.4606,-12.2081,-0.0001999999999999097,-0.01,-1.0,margin_stop,4.066666666666666
63,USDCHF=X,short,alexg5|USDCHF|CHF>NZD|bearish|continuation|support|momentum|CHF:+0.0016|GBP:+0.0012|USD:+0.0007|JPY:+0.0001|g:2112:0.86682999:0.86860999:0.86326998,momentum,continuation,support,bearish,2118,2119,2024-01-23 09:00:00+00:00,2024-01-23 10:00:00+00:00,0.8686099946498871,0.868783716648817,0.868783716648817,0.8678919437209766,4.1333,1208.6011,1208.6011,12.086,60430.056,-12.086,-0.00019999999999997342,-0.01,-1.0,margin_stop,4.133333333333333
64,USDCHF=X,long,alexg5|USDCHF|USD>CAD|bullish|continuation|resistance|momentum|USD:+0.0012|EUR:+0.0003|CHF:+0.0002|JPY:-0.0001|g:2167:0.86448002:0.86246002:0.86852002,momentum,continuation,resistance,bullish,2192,2193,2024-01-26 11:00:00+00:00,2024-01-26 12:00:00+00:00,0.8624600172042847,0.8631844836187361,0.8622875252008438,0.8631844836187361,4.2,1196.5151,1196.5151,11.9652,59825.7555,50.2536,0.0008399999999998298,0.041999999999991496,4.199999999999149,take_profit,4.2
65,EURUSD=X,short,alexg5|EURUSD|USD>AUD|bearish|continuation|support|momentum|USD:+0.0018|EUR:+0.0010|CAD:+0.0000|JPY:-0.0008|g:2257:1.08354104:1.08529645:1.08003020,momentum,continuation,support,bearish,2269,2270,2024-01-31 13:00:00+00:00,2024-01-31 14:00:00+00:00,1.0852964520454407,1.0855135113358498,1.0855135113358498,1.084428214883804,4.0,1246.7687,1246.7687,12.4677,62338.4372,-12.4677,-0.00020000000000006677,-0.01,-1.0,margin_stop,4.0
66,GBPUSD=X,long,alexg5|GBPUSD|CHF>USD|bullish|continuation|resistance|momentum|CHF:+0.0061|NZD:+0.0054|GBP:+0.0027|AUD:+0.0023|g:2270:1.27390158:1.27219307:1.27731860,momentum,continuation,resistance,bullish,2272,2273,2024-01-31 16:00:00+00:00,2024-01-31 17:00:00+00:00,1.2721930742263794,1.271938635611534,1.271938635611534,1.2732267310991885,4.0625,1234.3011,1234.3011,12.343,61715.0528,-12.343,-0.00020000000000002625,-0.01,-1.0,margin_stop,4.0625
67,EURJPY=X,long,alexg5|EURJPY|USD>AUD|bullish|bounce|support|bullish_engulfing|USD:+0.0110|EUR:-0.0009|GBP:-0.0027|JPY:-0.0074|g:2337:160.05999756:159.93599701:160.30799866,bullish_engulfing,bounce,support,bullish,2338,2339,2024-02-05 08:00:00+00:00,2024-02-05 09:00:00+00:00,159.93599700927734,159.9040098098755,159.9040098098755,160.06794420680993,4.125,1221.958,1221.958,12.2196,61097.9023,-12.2196,-0.00019999999999990276,-0.01,-1.0,margin_stop,4.125
68,AUDUSD=X,short,alexg5|AUDUSD|USD>GBP|bearish|continuation|support|momentum|USD:+0.0026|JPY:+0.0014|EUR:+0.0002|AUD:-0.0014|g:2392:0.64984012:0.65128005:0.64696026,momentum,continuation,support,bearish,2399,2400,2024-02-06 15:00:00+00:00,2024-02-06 16:00:00+00:00,0.6512800455093384,0.6514103015184403,0.6514103015184403,0.6507345984712243,4.1875,1209.7385,1209.7385,12.0974,60486.9233,-12.0974,-0.00020000000000002072,-0.01,-1.0,margin_stop,4.1875
69,NZDUSD=X,short,alexg5|NZDUSD|EUR>JPY|bearish|continuation|support|momentum|EUR:+0.0031|GBP:+0.0014|USD:+0.0013|CAD:+0.0010|g:2433:0.61005372:0.61174494:0.60617077,momentum,continuation,support,bearish,2447,2448,2024-02-09 00:00:00+00:00,2024-02-09 01:00:00+00:00,0.6117449404597283,0.6118672894478202,0.6118672894478202,0.6112249572603375,4.25,1197.6411,1197.6411,11.9764,59882.054,-11.9764,-0.00019999999999998413,-0.01,-1.0,margin_stop,4.25
70,EURUSD=X,short,alexg5|EURUSD|NZD>JPY|bearish|continuation|support|momentum|NZD:+0.0057|USD:+0.0007|EUR:+0.0005|GBP:+0.0004|g:2432:1.07700598:1.07901175:1.07261610,momentum,continuation,support,bearish,2436,2437,2024-02-09 13:00:00+00:00,2024-02-09 14:00:00+00:00,1.079011747956276,1.0792275503058673,1.0792275503058673,1.0780811003236634,4.3125,1185.6647,1185.6647,11.8566,59283.2335,-11.8566,-0.00020000000000002996,-0.01,-1.0,margin_stop,4.3125
71,AUDUSD=X,short,alexg5|AUDUSD|EUR>JPY|bearish|continuation|support|momentum|EUR:+0.0031|GBP:+0.0014|USD:+0.0013|CAD:+0.0010|g:2442:0.65057999:0.65207397:0.64696026,momentum,continuation,support,bearish,2469,2470,2024-02-09 13:00:00+00:00,2024-02-09 14:00:00+00:00,0.6520739746689797,0.6522043894639135,0.6522043894639135,0.6515115608658276,4.3125,1173.808,1185.6647,11.7381,58690.4012,-11.7381,-0.00020000000000001942,-0.01,-1.0,margin_stop,4.3125
72,NZDUSD=X,short,alexg5|NZDUSD|USD>NZD|bearish|continuation|support|momentum|USD:+0.0020|CAD:+0.0003|GBP:+0.0001|AUD:-0.0002|g:2496:0.61046332:0.61157721:0.60823554,momentum,continuation,support,bearish,2505,2506,2024-02-13 11:00:00+00:00,2024-02-13 12:00:00+00:00,0.6115772128105164,0.6116995282530785,0.6116995282530785,0.6110344380341469,4.4375,1162.0699,1162.0699,11.6207,58103.4972,-11.6207,-0.00020000000000005606,-0.01,-1.0,margin_stop,4.4375
73,GBPJPY=X,long,alexg5|GBPJPY|NZD>USD|bullish|bounce|support|rejection|NZD:+0.0085|AUD:+0.0066|CHF:+0.0026|EUR:+0.0023|g:2618:189.38999939:189.14761562:190.07600403,rejection,bounce,support,bullish,2624,2625,2024-02-21 09:00:00+00:00,2024-02-21 10:00:00+00:00,189.14761561584473,189.31784846989905,189.10978609272155,189.31784846989905,4.5,1150.4492,1150.4492,11.5045,57522.4622,51.7702,0.0009000000000003117,0.04500000000001559,4.500000000001559,take_profit,4.5
74,AUDUSD=X,long,alexg5|AUDUSD|AUD>CHF|bullish|bounce|support|bullish_engulfing|AUD:+0.0029|GBP:+0.0021|NZD:+0.0015|CAD:+0.0004|g:2695:0.65713817:0.65671659:0.65798134,bullish_engulfing,bounce,support,bullish,2696,2697,2024-02-23 02:00:00+00:00,2024-02-23 03:00:00+00:00,0.6567165851593018,0.6572805888147912,0.65658524184227,0.6572805888147912,4.2941,1202.2195,1202.2195,12.0222,60110.973,51.6247,0.0008588235294113419,0.042941176470567104,4.29411764705671,take_profit,4.294117647058823
75,NZDUSD=X,short,alexg5|NZDUSD|USD>CHF|bearish|continuation|support|momentum|USD:+0.0036|GBP:+0.0008|EUR:-0.0014|JPY:-0.0022|g:2694:0.61842918:0.61943939:0.61640877,momentum,continuation,support,bearish,2696,2697,2024-02-23 11:00:00+00:00,2024-02-23 12:00:00+00:00,0.6194393932819366,0.619563281160593,0.619563281160593,0.6189300764474605,4.1111,1253.8442,1253.8442,12.5384,62692.2089,-12.5384,-0.0001999999999999544,-0.01,-1.0,margin_stop,4.111111111111111
76,NZDUSD=X,short,alexg5|NZDUSD|EUR>AUD|bearish|continuation|support|momentum|EUR:+0.0027|CHF:+0.0020|GBP:+0.0004|CAD:+0.0002|g:2734:0.61568773:0.61657599:0.61391121,momentum,continuation,support,bearish,2736,2737,2024-02-27 04:00:00+00:00,2024-02-27 05:00:00+00:00,0.6165759861469269,0.6166993013441563,0.6166993013441563,0.6160621728251376,4.1667,1241.3057,1241.3057,12.4131,62065.2868,-12.4131,-0.0002000000000000435,-0.01,-1.0,margin_stop,4.166666666666667
77,AUDUSD=X,short,alexg5|AUDUSD|EUR>AUD|bearish|continuation|support|momentum|EUR:+0.0029|CHF:+0.0016|GBP:+0.0008|CAD:+0.0006|g:2741:0.65327877:0.65476109:0.64972615,momentum,continuation,support,bearish,2746,2747,2024-02-27 05:00:00+00:00,2024-02-27 06:00:00+00:00,0.654761087834835,0.654892040052402,0.654892040052402,0.6542081784717744,4.2222,1228.8927,1228.8927,12.2889,61444.6339,-12.2889,-0.00020000000000002283,-0.01,-1.0,margin_stop,4.222222222222222
78,EURUSD=X,short,alexg5|EURUSD|JPY>GBP|bearish|continuation|support|momentum|JPY:+0.0071|CHF:+0.0019|AUD:+0.0008|USD:-0.0009|g:2763:1.08307159:1.08441722:1.08038032,momentum,continuation,support,bearish,2764,2765,2024-02-29 08:00:00+00:00,2024-02-29 09:00:00+00:00,1.0844172239303589,1.0846341073751449,1.0846341073751449,1.0834894447498855,4.2778,1216.6038,1216.6038,12.166,60830.1876,-12.166,-0.0001999999999999217,-0.01,-1.0,margin_stop,4.277777777777778
79,GBPUSD=X,short,alexg5|GBPUSD|JPY>CHF|bearish|continuation|support|momentum|JPY:+0.0072|AUD:+0.0012|USD:+0.0008|CAD:+0.0000|g:2772:1.26318455:1.26576686:1.25801992,momentum,continuation,support,bearish,2797,2798,2024-03-01 17:00:00+00:00,2024-03-01 18:00:00+00:00,1.2657668590545654,1.2660200124263763,1.2660200124263763,1.2646698611100518,4.3333,1204.4377,1204.4377,12.0444,60221.8857,-12.0444,-0.00019999999999996266,-0.01,-1.0,margin_stop,4.333333333333333
80,GBPJPY=X,short,alexg5|GBPJPY|AUD>USD|bearish|continuation|support|bearish_engulfing|AUD:+0.0081|NZD:+0.0073|CHF:+0.0055|CAD:+0.0051|g:2901:189.32699585:189.68632101:188.22599792,bearish_engulfing,continuation,support,bearish,2902,2903,2024-03-08 01:00:00+00:00,2024-03-08 02:00:00+00:00,189.68632101440429,189.5198185770695,189.72425827860715,189.5198185770695,4.3889,1192.3933,1192.3933,11.9239,59619.6669,52.3328,0.0008777777777774244,0.04388888888887122,4.388888888887122,take_profit,4.388888888888889
81,AUDUSD=X,short,alexg5|AUDUSD|EUR>JPY|bearish|continuation|support|momentum|EUR:+0.0017|USD:+0.0010|CHF:+0.0006|CAD:+0.0004|g:2984:0.66122699:0.66273746:0.65323609,momentum,continuation,support,bearish,2991,2992,2024-03-12 12:00:00+00:00,2024-03-12 13:00:00+00:00,0.6627374618053437,0.6621793671006656,0.6628700092977047,0.6621793671006656,4.2105,1244.7262,1244.7262,12.4473,62236.3078,52.4095,0.000842105263157688,0.042105263157884404,4.2105263157884405,take_profit,4.2105263157894735
82,GBPJPY=X,short,alexg5|GBPJPY|USD>NZD|bearish|continuation|support|momentum|USD:+0.0065|JPY:+0.0000|GBP:-0.0014|EUR:-0.0036|g:3022:188.99099731:189.37349701:188.22599792,momentum,continuation,support,bearish,3028,3029,2024-03-15 08:00:00+00:00,2024-03-15 09:00:00+00:00,189.37349700927734,189.41137170867918,189.41137170867918,189.2201044766999,4.05,1297.1357,1297.1357,12.9714,64856.7839,-12.9714,-0.00019999999999991813,-0.01,-1.0,margin_stop,4.05
83,GBPJPY=X,long,alexg5|GBPJPY|EUR>NZD|bullish|continuation|resistance|momentum|EUR:+0.0030|USD:+0.0024|GBP:+0.0007|CHF:+0.0005|g:3042:190.03900146:189.71549988:190.68600464,momentum,continuation,resistance,bullish,3044,3047,2024-03-18 02:00:00+00:00,2024-03-18 05:00:00+00:00,189.7154998779297,189.87106658782963,189.6775567779541,189.87106658782963,4.1,1284.1643,1284.1643,12.8416,64208.2161,52.6507,0.0008200000000002174,0.04100000000001087,4.100000000001087,take_profit,4.1000000000000005
84,USDJPY=X,short,alexg5|USDJPY|JPY>CAD|bearish|continuation|support|momentum|JPY:+0.0037|CHF:+0.0022|USD:+0.0006|AUD:+0.0001|g:3145:151.21200562:151.52421310:150.25900269,momentum,continuation,support,bearish,3156,3160,2024-03-25 16:00:00+00:00,2024-03-25 20:00:00+00:00,151.52421310424805,151.40443682150854,151.55451794686888,151.40443682150854,3.9524,1336.8151,1336.8151,13.3682,66840.7529,52.836,0.0007904761904759243,0.039523809523796215,3.9523809523796216,take_profit,3.9523809523809526
85,AUDUSD=X,short,alexg5|AUDUSD|CHF>NZD|bearish|continuation|support|bearish_engulfing|CHF:+0.0034|CAD:+0.0029|JPY:+0.0019|USD:+0.0007|g:3291:0.65164834:0.65272068:0.64860940,bearish_engulfing,continuation,support,bearish,3301,3302,2024-03-29 12:00:00+00:00,2024-03-29 13:00:00+00:00,0.6527206805348397,0.6528512246709466,0.6528512246709466,0.652222239287886,3.8182,1389.6511,1389.6511,13.8965,69482.5541,-13.8965,-0.00019999999999991696,-0.01,-1.0,margin_stop,3.818181818181818
86,USDCHF=X,short,alexg5|USDCHF|AUD>JPY|bearish|continuation|support|momentum|AUD:+0.0021|NZD:+0.0016|CAD:+0.0009|GBP:+0.0009|g:3274:0.90158999:0.90338160:0.89687997,momentum,continuation,support,bearish,3284,3285,2024-04-01 13:00:00+00:00,2024-04-01 14:00:00+00:00,0.9033815962076187,0.9035622725268602,0.9035622725268602,0.9026835286105495,3.8636,1375.7546,1375.7546,13.7575,68787.7286,-13.7575,-0.00019999999999992647,-0.01,-1.0,margin_stop,3.8636363636363633
87,USDCAD=X,long,alexg5|USDCAD|USD>CHF|bullish|bounce|support|rejection|USD:+0.0038|JPY:+0.0008|GBP:-0.0020|EUR:-0.0021|g:3342:1.35613000:1.35374391:1.36140001,rejection,bounce,support,bullish,3371,3372,2024-04-03 14:00:00+00:00,2024-04-03 15:00:00+00:00,1.3537439056634903,1.3534731568823577,1.3534731568823577,1.3548022872624634,3.9091,1361.997,1361.997,13.62,68099.8513,-13.62,-0.00019999999999996147,-0.01,-1.0,margin_stop,3.9090909090909087
88,AUDUSD=X,long,alexg5|AUDUSD|JPY>CAD|bullish|bounce|support|rejection|JPY:+0.0045|AUD:+0.0017|CHF:+0.0015|NZD:+0.0013|g:3409:0.65903068:0.65750790:0.66207623,rejection,bounce,support,bullish,3410,3411,2024-04-05 01:00:00+00:00,2024-04-05 02:00:00+00:00,0.6575078964233398,0.6573763948440552,0.6573763948440552,0.6580279253959656,3.9545,1348.3771,1348.3771,13.4838,67418.8528,-13.4838,-0.00019999999999997892,-0.01,-1.0,margin_stop,3.954545454545454
89,GBPUSD=X,long,alexg5|GBPUSD|NZD>USD|bullish|bounce|support|rejection|NZD:+0.0050|AUD:+0.0030|GBP:+0.0015|CHF:+0.0015|g:3446:1.26774848:1.26616144:1.27092254,rejection,bounce,support,bullish,3456,3457,2024-04-10 12:00:00+00:00,2024-04-10 13:00:00+00:00,1.2661614418029785,1.265908209514618,1.265908209514618,1.267174370956421,4.0,1334.8933,1334.8933,13.3489,66744.6643,-13.3489,-0.00020000000000000757,-0.01,-1.0,margin_stop,4.0
90,USDCHF=X,short,alexg5|USDCHF|NZD>USD|bearish|continuation|support|momentum|NZD:+0.0052|AUD:+0.0048|CAD:+0.0021|EUR:+0.0021|g:3422:0.90445000:0.90620447:0.89972001,momentum,continuation,support,bearish,3450,3451,2024-04-10 12:00:00+00:00,2024-04-10 13:00:00+00:00,0.9062044711709023,0.9063857120651365,0.9063857120651365,0.9054795075939654,4.0,1321.5444,1334.8933,13.2154,66077.2176,-13.2154,-0.0002000000000000366,-0.01,-1.0,margin_stop,4.0
91,AUDUSD=X,short,alexg5|AUDUSD|USD>NZD|bearish|bounce|resistance|bearish_engulfing|USD:+0.0116|JPY:-0.0002|EUR:-0.0049|GBP:-0.0056|g:3515:0.65237957:0.65448958:0.64815956,bearish_engulfing,bounce,resistance,bearish,3516,3517,2024-04-11 12:00:00+00:00,2024-04-11 13:00:00+00:00,0.6544895768165588,0.6546204747319221,0.6546204747319221,0.6539540853446183,4.0909,1308.3289,1308.3289,13.0833,65416.4454,-13.0833,-0.0001999999999999031,-0.01,-1.0,margin_stop,4.090909090909091
92,EURGBP=X,long,alexg5|EURGBP|EUR>JPY|bullish|bounce|support|bullish_engulfing|EUR:+0.0019|GBP:+0.0017|CHF:+0.0010|USD:+0.0008|g:3532:0.85385001:0.85219614:0.85750002,bullish_engulfing,bounce,support,bullish,3575,3576,2024-04-17 06:00:00+00:00,2024-04-17 07:00:00+00:00,0.8521961435079575,0.8529011421357683,0.852025704279256,0.8529011421357683,4.1364,1295.2456,1295.2456,12.9525,64762.281,53.5761,0.0008272727272723602,0.04136363636361801,4.136363636361801,take_profit,4.136363636363637
93,GBPUSD=X,short,alexg5|GBPUSD|CAD>GBP|bearish|continuation|support|bearish_engulfing|CAD:+0.0012|USD:+0.0009|JPY:+0.0008|AUD:+0.0003|g:3659:1.23487282:1.23727286:1.23007274,bearish_engulfing,continuation,support,bearish,3666,3667,2024-04-23 08:00:00+00:00,2024-04-23 09:00:00+00:00,1.23727285861969,1.2362830403327942,1.2375203131914139,1.2362830403327942,4.0,1348.8217,1348.8217,13.4882,67441.0844,53.9529,0.0007999999999999621,0.039999999999998107,3.9999999999998104,take_profit,4.0
94,GBPUSD=X,long,alexg5|GBPUSD|GBP>JPY|bullish|continuation|resistance|momentum|GBP:+0.0050|AUD:+0.0032|EUR:+0.0028|NZD:+0.0028|g:3722:1.25147045:1.24835396:1.25770342,momentum,continuation,resistance,bullish,3744,3745,2024-04-26 14:00:00+00:00,2024-04-26 15:00:00+00:00,1.2483539581298828,1.2481042873382568,1.2481042873382568,1.2493214324474335,3.875,1402.7746,1402.7746,14.0277,70138.7278,-14.0277,-0.00019999999999999204,-0.01,-1.0,margin_stop,3.875
95,EURUSD=X,short,alexg5|EURUSD|AUD>EUR|bearish|continuation|support|momentum|AUD:+0.0032|NZD:+0.0028|JPY:+0.0025|GBP:+0.0011|g:3766:1.07054925:1.07243365:1.06678045,momentum,continuation,support,bearish,3770,3771,2024-04-29 16:00:00+00:00,2024-04-29 17:00:00+00:00,1.0724336504936218,1.0726481372237204,1.0726481372237204,1.0715935774674024,3.9167,1388.7468,1388.7468,13.8875,69437.3405,-13.8875,-0.00019999999999989002,-0.01,-1.0,margin_stop,3.916666666666667
96,GBPUSD=X,short,alexg5|GBPUSD|USD>NZD|bearish|continuation|support|momentum|USD:+0.0094|EUR:+0.0006|GBP:-0.0002|JPY:-0.0073|g:3797:1.24959385:1.25159389:1.24559379,momentum,continuation,support,bearish,3820,3821,2024-05-01 18:00:00+00:00,2024-05-01 19:00:00+00:00,1.2515938878059387,1.2518442065834998,1.2518442065834998,1.2506030426447594,3.9583,1374.8593,1374.8593,13.7486,68742.9671,-13.7486,-0.00019999999999992848,-0.01,-1.0,margin_stop,3.958333333333333
97,GBPJPY=X,short,alexg5|GBPJPY|JPY>USD|bearish|continuation|support|momentum|JPY:+0.0130|CHF:+0.0073|AUD:+0.0065|NZD:+0.0059|g:3850:192.20300293:192.72650146:191.15600586,momentum,continuation,support,bearish,3874,3875,2024-05-05 23:00:00+00:00,2024-05-06 00:00:00+00:00,192.72650146484375,192.7650467651367,192.7650467651367,192.57232026367194,4.0,1361.1107,1361.1107,13.6111,68055.5374,-13.6111,-0.00019999999999991482,-0.01,-1.0,margin_stop,4.0
98,USDJPY=X,long,alexg5|USDJPY|GBP>JPY|bullish|continuation|resistance|momentum|GBP:+0.0025|AUD:+0.0021|CAD:+0.0017|EUR:+0.0016|g:3875:154.23899841:153.93399811:154.84899902,momentum,continuation,resistance,bullish,3876,3877,2024-05-07 00:00:00+00:00,2024-05-07 01:00:00+00:00,153.93399810791016,153.90321130828858,153.90321130828858,154.05842808971406,4.0417,1347.4996,1347.4996,13.475,67374.9821,-13.475,-0.00019999999999998995,-0.01,-1.0,margin_stop,4.041666666666666
99,GBPUSD=X,long,alexg5|GBPUSD|AUD>JPY|bullish|continuation|resistance|momentum|AUD:+0.0066|NZD:+0.0061|EUR:+0.0039|CHF:+0.0032|g:3879:1.25566626:1.25202680:1.26294518,momentum,continuation,resistance,bullish,3914,3915,2024-05-07 17:00:00+00:00,2024-05-07 18:00:00+00:00,1.2520267963409424,1.2517763909816741,1.2517763909816741,1.2530492848912878,4.0833,1334.0246,1334.0246,13.3402,66701.2322,-13.3402,-0.00020000000000003747,-0.01,-1.0,margin_stop,4.083333333333333
100,USDJPY=X,long,alexg5|USDJPY|USD>AUD|bullish|continuation|resistance|momentum|USD:+0.0044|EUR:+0.0018|CHF:-0.0020|GBP:-0.0021|g:3911:155.49099731:155.19451511:156.89199829,momentum,continuation,resistance,bullish,3924,3925,2024-05-09 00:00:00+00:00,2024-05-09 01:00:00+00:00,155.19451510620118,155.32255058116374,155.16347620317995,155.32255058116374,4.125,1320.6844,1320.6844,13.2068,66034.2199,54.4782,0.0008249999999996311,0.04124999999998156,4.124999999998155,take_profit,4.125
101,GBPUSD=X,long,alexg5|GBPUSD|GBP>JPY|bullish|bounce|support|rejection|GBP:+0.0034|EUR:+0.0020|NZD:+0.0011|CAD:+0.0004|g:4019:1.25579238:1.25278850:1.26294518,rejection,bounce,support,bullish,4024,4025,2024-05-14 08:00:00+00:00,2024-05-14 09:00:00+00:00,1.2527885019779206,1.2537907327795026,1.252537944277525,1.2537907327795026,4.0,1375.1626,1375.1626,13.7516,68758.1315,55.0065,0.0007999999999997441,0.039999999999987206,3.9999999999987206,take_profit,4.0
102,EURJPY=X,short,alexg5|EURJPY|NZD>USD|bearish|continuation|support|momentum|NZD:+0.0157|AUD:+0.0130|JPY:+0.0122|CHF:+0.0084|g:4066:167.39399719:167.72549438:166.73100281,momentum,continuation,support,bearish,4067,4068,2024-05-16 01:00:00+00:00,2024-05-16 02:00:00+00:00,167.72549438476562,167.75903948364257,167.75903948364257,167.5951845775898,3.8846,1430.1691,1430.1691,14.3017,71508.4568,-14.3017,-0.00019999999999993574,-0.01,-1.0,margin_stop,3.8846153846153846
103,GBPUSD=X,short,alexg5|GBPUSD|USD>CAD|bearish|continuation|support|momentum|USD:+0.0024|CHF:-0.0003|NZD:-0.0003|EUR:-0.0004|g:4200:1.26955116:1.27209556:1.26446235,momentum,continuation,support,bearish,4217,4219,2024-05-24 10:00:00+00:00,2024-05-24 12:00:00+00:00,1.2720955610275269,1.2723499801397324,1.2723499801397324,1.2710974552796435,3.9231,1415.8674,1415.8674,14.1587,70793.3722,-14.1587,-0.00020000000000006173,-0.01,-1.0,margin_stop,3.9230769230769234
104,GBPJPY=X,short,alexg5|GBPJPY|JPY>AUD|bearish|continuation|support|momentum|JPY:+0.0060|USD:+0.0040|CHF:+0.0014|EUR:-0.0040|g:4310:198.82800293:199.11400604:198.25599670,momentum,continuation,support,bearish,4311,4312,2024-05-30 07:00:00+00:00,2024-05-30 08:00:00+00:00,199.11400604248047,199.15382884368896,199.15382884368896,198.95624648384685,3.9615,1401.7088,1401.7088,14.0171,70085.4385,-14.0171,-0.00019999999999995502,-0.01,-1.0,margin_stop,3.9615384615384617
105,USDCAD=X,short,alexg5|USDCAD|NZD>JPY|bearish|continuation|support|momentum|NZD:+0.0039|GBP:+0.0027|AUD:+0.0023|EUR:+0.0007|g:4453:1.36640000:1.36910003:1.36099994,momentum,continuation,support,bearish,4460,4461,2024-06-06 08:00:00+00:00,2024-06-06 09:00:00+00:00,1.369100034236908,1.3693738542437552,1.3693738542437552,1.3680047542095188,4.0,1387.6917,1387.6917,13.8769,69384.5841,-13.8769,-0.0001999999999999263,-0.01,-1.0,margin_stop,4.0
106,NZDUSD=X,short,alexg5|NZDUSD|CHF>NZD|bearish|bounce|resistance|bearish_engulfing|CHF:+0.0009|USD:+0.0008|EUR:+0.0006|JPY:+0.0002|g:4472:0.61934847:0.62022823:0.61758894,bearish_engulfing,bounce,resistance,bearish,4474,4475,2024-06-07 03:00:00+00:00,2024-06-07 04:00:00+00:00,0.6202282309532166,0.6203522765994072,0.6203522765994072,0.6197272773820621,4.0385,1373.8148,1373.8148,13.7381,68690.7382,-13.7381,-0.00019999999999995932,-0.01,-1.0,margin_stop,4.038461538461538
107,EURUSD=X,long,alexg5|EURUSD|GBP>JPY|bullish|continuation|resistance|momentum|GBP:+0.0041|EUR:+0.0021|NZD:+0.0018|USD:+0.0017|g:4415:1.08790255:1.08594269:1.09182227,momentum,continuation,resistance,bullish,4457,4458,2024-06-07 12:00:00+00:00,2024-06-07 13:00:00+00:00,1.0859426856040955,1.0857254970669747,1.0857254970669747,1.086828146563126,4.0769,1360.0766,1360.0766,13.6008,68003.8309,-13.6008,-0.00019999999999990511,-0.01,-1.0,margin_stop,4.076923076923077
108,USDCAD=X,short,alexg5|USDCAD|AUD>USD|bearish|bounce|resistance|bearish_engulfing|AUD:+0.0044|NZD:+0.0024|CHF:+0.0020|JPY:+0.0019|g:4487:1.36724997:1.37016729:1.36140001,bearish_engulfing,bounce,resistance,bearish,4488,4489,2024-06-07 12:00:00+00:00,2024-06-07 13:00:00+00:00,1.370167294025421,1.370441327484226,1.370441327484226,1.36905008069337,4.0769,1346.4759,1360.0766,13.4648,67323.7925,-13.4648,-0.00019999999999989864,-0.01,-1.0,margin_stop,4.076923076923077
109,USDJPY=X,long,alexg5|USDJPY|NZD>CHF|bullish|continuation|resistance|momentum|NZD:+0.0021|GBP:+0.0008|USD:+0.0006|CAD:+0.0004|g:4482:157.31799316:157.12299347:157.70799255,momentum,continuation,resistance,bullish,4485,4486,2024-06-11 17:00:00+00:00,2024-06-11 18:00:00+00:00,157.12299346923828,157.09156887054445,157.09156887054445,157.2535264176588,4.1538,1333.0111,1333.0111,13.3301,66650.5546,-13.3301,-0.0001999999999998987,-0.01,-1.0,margin_stop,4.153846153846154
110,NZDUSD=X,short,alexg5|NZDUSD|USD>AUD|bearish|continuation|support|momentum|USD:+0.0036|JPY:+0.0009|CHF:+0.0001|GBP:-0.0002|g:4590:0.61504394:0.61570448:0.61372286,momentum,continuation,support,bearish,4591,4592,2024-06-14 01:00:00+00:00,2024-06-14 02:00:00+00:00,0.6157044768333435,0.6158276177287102,0.6158276177287102,0.61518823231046,4.1923,1319.681,1319.681,13.1968,65984.0491,-13.1968,-0.00020000000000003663,-0.01,-1.0,margin_stop,4.1923076923076925
111,AUDUSD=X,short,alexg5|AUDUSD|USD>AUD|bearish|continuation|support|momentum|USD:+0.0036|JPY:+0.0009|CHF:+0.0001|GBP:-0.0002|g:4599:0.66223848:0.66401211:0.65768701,momentum,continuation,support,bearish,4601,4602,2024-06-14 02:00:00+00:00,2024-06-14 03:00:00+00:00,0.664012105345726,0.6641449077667951,0.6641449077667951,0.6634502489488949,4.2308,1306.4842,1306.4842,13.0648,65324.2086,-13.0648,-0.00020000000000003278,-0.01,-1.0,margin_stop,4.230769230769231
112,USDCAD=X,short,alexg5|USDCAD|EUR>JPY|bearish|continuation|support|momentum|EUR:+0.0028|GBP:+0.0014|CAD:+0.0008|CHF:+0.0003|g:4636:1.37279999:1.37545002:1.36749995,momentum,continuation,support,bearish,4651,4655,2024-06-18 08:00:00+00:00,2024-06-18 12:00:00+00:00,1.3754500150680542,1.374275592362881,1.3757251050710677,1.374275592362881,4.2692,1293.4193,1293.4193,12.9342,64670.9665,55.2191,0.0008538461538458648,0.042692307692293235,4.269230769229324,take_profit,4.269230769230769
113,GBPJPY=X,long,alexg5|GBPJPY|CHF>USD|bullish|continuation|resistance|momentum|CHF:+0.0106|AUD:+0.0069|NZD:+0.0025|GBP:+0.0019|g:4626:200.62199402:200.27599335:201.31399536,momentum,continuation,resistance,bullish,4628,4630,2024-06-18 15:00:00+00:00,2024-06-18 17:00:00+00:00,200.27599334716797,200.44214824535223,200.23593814849855,200.44214824535223,4.1481,1348.6384,1348.6384,13.4864,67431.9193,55.9435,0.0008296296296293443,0.04148148148146722,4.1481481481467215,take_profit,4.148148148148148
114,EURGBP=X,long,alexg5|EURGBP|EUR>JPY|bullish|bounce|support|rejection|EUR:+0.0023|CHF:+0.0016|GBP:+0.0007|CAD:+0.0006|g:4617:0.84474999:0.84384999:0.84654999,rejection,bounce,support,bullish,4646,4647,2024-06-19 06:00:00+00:00,2024-06-19 07:00:00+00:00,0.8438499867916107,0.8436812167942525,0.8436812167942525,0.8445310942809494,4.0357,1404.5819,1404.5819,14.0458,70229.0952,-14.0458,-0.00019999999999993179,-0.01,-1.0,margin_stop,4.035714285714286
115,EURUSD=X,short,alexg5|EURUSD|USD>CHF|bearish|continuation|support|momentum|USD:+0.0038|CAD:+0.0004|EUR:-0.0006|GBP:-0.0013|g:4674:1.07112253:1.07312280:1.06712198,momentum,continuation,support,bearish,4715,4717,2024-06-24 09:00:00+00:00,2024-06-24 11:00:00+00:00,1.073122799396515,1.0733374239563942,1.0733374239563942,1.072248970831292,4.0714,1390.5361,1390.5361,13.9054,69526.8043,-13.9054,-0.000200000000000003,-0.01,-1.0,margin_stop,4.071428571428572
116,USDCHF=X,long,alexg5|USDCHF|EUR>JPY|bullish|bounce|support|rejection|EUR:+0.0040|GBP:+0.0011|CAD:+0.0011|USD:+0.0001|g:4708:0.89315999:0.89247999:0.89451998,rejection,bounce,support,bullish,4710,4711,2024-06-24 12:00:00+00:00,2024-06-24 13:00:00+00:00,0.8924799859523773,0.8923014899551869,0.8923014899551869,0.8932130945122666,4.1071,1376.6307,1376.6307,13.7663,68831.5362,-13.7663,-0.00019999999999996258,-0.01,-1.0,margin_stop,4.107142857142857
117,NZDUSD=X,long,alexg5|NZDUSD|AUD>USD|bullish|bounce|support|rejection|AUD:+0.0036|CAD:+0.0034|EUR:+0.0022|CHF:+0.0019|g:4761:0.61248243:0.61153246:0.61443931,rejection,bounce,support,bullish,4770,4771,2024-06-25 13:00:00+00:00,2024-06-25 14:00:00+00:00,0.6115324646234512,0.6114101581305266,0.6114101581305266,0.612039162951282,4.1429,1362.8644,1362.8644,13.6286,68143.2209,-13.6286,-0.00019999999999995382,-0.01,-1.0,margin_stop,4.142857142857142
118,EURGBP=X,short,alexg5|EURGBP|USD>NZD|bearish|continuation|support|momentum|USD:+0.0019|GBP:+0.0013|CAD:+0.0004|JPY:+0.0002|g:4748:0.84367001:0.84566000:0.83969003,momentum,continuation,support,bearish,4773,4774,2024-06-26 14:00:00+00:00,2024-06-26 15:00:00+00:00,0.845660001039505,0.8458291330397129,0.8458291330397129,0.8449532708957793,4.1786,1349.2358,1349.2358,13.4924,67461.7886,-13.4924,-0.0001999999999999397,-0.01,-1.0,margin_stop,4.178571428571429
119,AUDUSD=X,short,alexg5|AUDUSD|USD>NZD|bearish|continuation|support|momentum|USD:+0.0034|GBP:+0.0005|AUD:-0.0000|EUR:-0.0009|g:4799:0.66596961:0.66733006:0.66324872,momentum,continuation,support,bearish,4819,4820,2024-06-27 06:00:00+00:00,2024-06-27 07:00:00+00:00,0.6673300564289093,0.6667675925242051,0.667463522440195,0.6667675925242051,4.2143,1335.7434,1335.7434,13.3574,66787.1708,56.292,0.0008428571428568306,0.04214285714284152,4.214285714284152,take_profit,4.214285714285714
120,USDJPY=X,long,alexg5|USDJPY|EUR>CHF|bullish|bounce|support|bullish_engulfing|EUR:+0.0009|USD:+0.0009|NZD:-0.0001|CAD:-0.0006|g:4763:160.54899597:160.39099121:160.86500549,bullish_engulfing,bounce,support,bullish,4764,4765,2024-06-27 12:00:00+00:00,2024-06-27 13:00:00+00:00,160.3909912109375,160.35891301269533,160.35891301269533,160.52262243820712,4.1034,1392.0355,1392.0355,13.9204,69601.773,-13.9204,-0.00019999999999992176,-0.01,-1.0,margin_stop,4.103448275862069
121,NZDUSD=X,long,alexg5|NZDUSD|GBP>JPY|bullish|continuation|resistance|momentum|GBP:+0.0052|AUD:+0.0024|CAD:+0.0010|NZD:+0.0007|g:5046:0.60997927:0.60846490:0.61300802,momentum,continuation,resistance,bullish,5054,5055,2024-07-11 11:00:00+00:00,2024-07-11 12:00:00+00:00,0.6084648966789246,0.6089684538347966,0.6083432036995888,0.6089684538347966,4.1379,1378.1151,1378.1151,13.7812,68905.7552,57.0255,0.0008275862068962426,0.04137931034481213,4.1379310344812135,take_profit,4.137931034482759
122,NZDUSD=X,long,alexg5|NZDUSD|JPY>USD|bullish|continuation|resistance|momentum|JPY:+0.0061|AUD:+0.0025|CHF:+0.0020|GBP:+0.0007|g:5098:0.61012810:0.60893220:0.61251992,momentum,continuation,resistance,bullish,5102,5103,2024-07-15 12:00:00+00:00,2024-07-15 13:00:00+00:00,0.6089321970939636,0.6094234023996192,0.6088104106545449,0.6094234023996192,4.0333,1435.1406,1435.1406,14.3514,71757.0279,57.884,0.0008066666666663532,0.040333333333317664,4.0333333333317665,take_profit,4.033333333333333
123,GBPJPY=X,short,alexg5|GBPJPY|JPY>NZD|bearish|continuation|support|momentum|JPY:+0.0029|EUR:+0.0009|AUD:-0.0001|USD:-0.0004|g:5079:204.95100403:205.52400970:203.80499268,momentum,continuation,support,bearish,5090,5091,2024-07-16 01:00:00+00:00,2024-07-16 02:00:00+00:00,205.52400970458984,205.56511450653076,205.56511450653076,205.36224241953204,3.9355,1493.0246,1493.0246,14.9302,74651.228,-14.9302,-0.00019999999999999977,-0.01,-1.0,margin_stop,3.935483870967742
124,EURJPY=X,long,alexg5|EURJPY|USD>NZD|bullish|continuation|resistance|momentum|USD:+0.0025|EUR:+0.0015|GBP:+0.0009|CHF:+0.0000|g:5091:172.82899475:172.60699463:173.27299500,momentum,continuation,resistance,bullish,5095,5096,2024-07-16 06:00:00+00:00,2024-07-16 07:00:00+00:00,172.60699462890625,172.57247322998046,172.57247322998046,172.74396663109567,3.9677,1478.0943,1478.0943,14.7809,73904.7157,-14.7809,-0.0002000000000000506,-0.01,-1.0,margin_stop,3.9677419354838714
125,EURJPY=X,long,alexg5|EURJPY|CHF>NZD|bullish|bounce|support|bullish_engulfing|CHF:+0.0025|GBP:+0.0014|EUR:+0.0011|USD:+0.0010|g:5108:172.66799927:172.36550140:173.27299500,bullish_engulfing,bounce,support,bullish,5118,5119,2024-07-17 05:00:00+00:00,2024-07-17 06:00:00+00:00,172.3655014038086,172.33102830352783,172.33102830352783,172.50339380493165,4.0,1463.3134,1463.3134,14.6331,73165.6685,-14.6331,-0.00020000000000001004,-0.01,-1.0,margin_stop,4.0
126,NZDUSD=X,long,alexg5|NZDUSD|JPY>USD|bullish|bounce|support|rejection|JPY:+0.0150|CHF:+0.0126|NZD:+0.0016|AUD:-0.0004|g:5161:0.60819852:0.60779107:0.60901344,rejection,bounce,support,bullish,5162,5163,2024-07-18 00:00:00+00:00,2024-07-18 01:00:00+00:00,0.6077910661697388,0.6076695079565049,0.6076695079565049,0.6082812202553594,4.0323,1448.6802,1448.6802,14.4868,72434.0119,-14.4868,-0.00019999999999991582,-0.01,-1.0,margin_stop,4.032258064516129
127,EURGBP=X,long,alexg5|EURGBP|USD>NZD|bullish|continuation|resistance|momentum|USD:+0.0057|EUR:-0.0006|JPY:-0.0020|GBP:-0.0029|g:5173:0.84293002:0.84144002:0.84591001,momentum,continuation,resistance,bullish,5198,5199,2024-07-22 11:00:00+00:00,2024-07-22 12:00:00+00:00,0.8414400219917297,0.8421240312999292,0.8412717339873315,0.8421240312999292,4.0645,1434.1934,1434.1934,14.3419,71709.6717,58.293,0.0008129032258061221,0.040645161290306105,4.06451612903061,take_profit,4.064516129032258
128,USDCHF=X,short,alexg5|USDCHF|CHF>NZD|bearish|continuation|support|bearish_engulfing|CHF:+0.0044|EUR:+0.0041|USD:+0.0009|CAD:+0.0007|g:5270:0.88040000:0.88178000:0.87764001,bearish_engulfing,continuation,support,bearish,5275,5276,2024-07-26 06:00:00+00:00,2024-07-26 07:00:00+00:00,0.8817799985408783,0.8819563545405864,0.8819563545405864,0.8810800856670368,3.9687,1492.4865,1492.4865,14.9249,74624.3229,-14.9249,-0.00019999999999992666,-0.01,-1.0,margin_stop,3.96875
129,GBPJPY=X,long,alexg5|GBPJPY|GBP>JPY|bullish|continuation|resistance|momentum|GBP:+0.0037|USD:+0.0029|NZD:+0.0012|EUR:+0.0007|g:5333:199.29699707:198.38070483:201.17999268,momentum,continuation,resistance,bullish,5340,5341,2024-07-30 13:00:00+00:00,2024-07-30 14:00:00+00:00,198.38070483398437,198.34102869301756,198.34102869301756,198.53940939785159,4.0,1477.5616,1477.5616,14.7756,73878.0797,-14.7756,-0.00020000000000003842,-0.01,-1.0,margin_stop,4.0
130,EURJPY=X,short,alexg5|EURJPY|JPY>GBP|bearish|continuation|support|momentum|JPY:+0.0088|CHF:+0.0048|NZD:+0.0038|AUD:+0.0031|g:5382:161.86000061:162.35199738:160.87600708,momentum,continuation,support,bearish,5386,5387,2024-08-01 11:00:00+00:00,2024-08-01 12:00:00+00:00,162.35199737548828,162.38446777496338,162.38446777496338,162.2211010776043,4.0312,1462.786,1462.786,14.6279,73139.2989,-14.6279,-0.00020000000000002606,-0.01,-1.0,margin_stop,4.03125
131,EURUSD=X,long,alexg5|EURUSD|JPY>GBP|bullish|continuation|resistance|momentum|JPY:+0.0062|CAD:+0.0028|EUR:+0.0004|AUD:-0.0000|g:5497:1.09385252:1.09180225:1.10095787,momentum,continuation,resistance,bullish,5504,5505,2024-08-08 12:00:00+00:00,2024-08-08 13:00:00+00:00,1.0918022513389587,1.091583890888691,1.091583890888691,1.0926893406681712,4.0625,1448.1581,1448.1581,14.4816,72407.9059,-14.4816,-0.00019999999999990227,-0.01,-1.0,margin_stop,4.0625
132,AUDUSD=X,short,alexg5|AUDUSD|JPY>GBP|bearish|bounce|resistance|rejection|JPY:+0.0076|CHF:+0.0054|CAD:-0.0001|USD:-0.0006|g:5538:0.65512770:0.65641662:0.65254986,rejection,bounce,resistance,bearish,5539,5540,2024-08-08 12:00:00+00:00,2024-08-08 13:00:00+00:00,0.6564166247844696,0.655883286276832,0.6565479081094265,0.655883286276832,4.0625,1433.6765,1448.1581,14.3368,71683.8268,58.2431,0.0008125000000003221,0.0406250000000161,4.06250000000161,take_profit,4.0625
133,NZDUSD=X,short,alexg5|NZDUSD|USD>NZD|bearish|continuation|support|momentum|USD:+0.0025|JPY:+0.0015|EUR:-0.0009|CAD:-0.0010|g:5531:0.59826505:0.60055025:0.59350699,momentum,continuation,support,bearish,5533,5534,2024-08-08 14:00:00+00:00,2024-08-08 15:00:00+00:00,0.6005502475500106,0.6000698073519708,0.6006703575995206,0.6000698073519708,4.0,1491.9196,1491.9196,14.9192,74595.9823,59.6768,0.0007999999999997081,0.0399999999999854,3.9999999999985403,take_profit,4.0
134,EURUSD=X,long,alexg5|EURUSD|AUD>CHF|bullish|bounce|support|rejection|AUD:+0.0111|GBP:+0.0055|NZD:+0.0034|CAD:+0.0018|g:5513:1.09206069:1.09164298:1.09289610,rejection,bounce,support,bullish,5516,5518,2024-08-09 00:00:00+00:00,2024-08-09 02:00:00+00:00,1.09164297580719,1.092497025900027,1.0914246472120286,1.092497025900027,3.9118,1551.5964,1551.5964,15.516,77579.8216,60.6948,0.0007823529411762252,0.03911764705881127,3.9117647058811262,take_profit,3.9117647058823533
135,EURJPY=X,long,alexg5|EURJPY|GBP>JPY|bullish|continuation|resistance|momentum|GBP:+0.0057|AUD:+0.0046|NZD:+0.0029|EUR:+0.0026|g:5555:161.63900757:161.08436319:163.42199707,momentum,continuation,resistance,bullish,5556,5557,2024-08-12 15:00:00+00:00,2024-08-12 16:00:00+00:00,161.08436318969726,161.0521463170593,161.0521463170593,161.20770778779683,3.8286,1612.2912,1612.2912,16.1229,80614.5617,-16.1229,-0.0002000000000000402,-0.01,-1.0,margin_stop,3.8285714285714287
136,USDCHF=X,long,alexg5|USDCHF|GBP>CHF|bullish|continuation|resistance|momentum|GBP:+0.0021|CAD:+0.0006|USD:+0.0005|EUR:+0.0001|g:5535:0.86747003:0.86533250:0.87769997,momentum,continuation,resistance,bullish,5547,5548,2024-08-12 17:00:00+00:00,2024-08-12 18:00:00+00:00,0.865332500219345,0.8651594337193012,0.8651594337193012,0.8660000424338,3.8571,1596.1683,1596.1683,15.9617,79808.4161,-15.9617,-0.00020000000000002966,-0.01,-1.0,margin_stop,3.857142857142857
137,GBPJPY=X,long,alexg5|GBPJPY|AUD>CHF|bullish|continuation|resistance|momentum|AUD:+0.0032|GBP:+0.0027|NZD:+0.0025|EUR:+0.0010|g:5552:188.44000244:187.87155756:190.04800415,momentum,continuation,resistance,bullish,5558,5559,2024-08-12 17:00:00+00:00,2024-08-12 18:00:00+00:00,187.87155755615234,187.8339832446411,187.8339832446411,188.01648704340997,3.8571,1580.2066,1596.1683,15.8021,79010.3319,-15.8021,-0.0002000000000000278,-0.01,-1.0,margin_stop,3.857142857142857
138,NZDUSD=X,long,alexg5|NZDUSD|AUD>USD|bullish|bounce|support|bullish_engulfing|AUD:+0.0061|GBP:+0.0034|CHF:+0.0020|CAD:+0.0014|g:5619:0.60193825:0.60159364:0.60262746,bullish_engulfing,bounce,support,bullish,5620,5621,2024-08-14 06:00:00+00:00,2024-08-14 07:00:00+00:00,0.6015936434268951,0.6014733246982098,0.6014733246982098,0.6020646053077492,3.9143,1564.4046,1564.4046,15.644,78220.2286,-15.644,-0.00019999999999993919,-0.01,-1.0,margin_stop,3.914285714285714
139,EURGBP=X,short,alexg5|EURGBP|AUD>CHF|bearish|continuation|support|momentum|AUD:+0.0032|GBP:+0.0027|NZD:+0.0025|EUR:+0.0010|g:5555:0.85553998:0.85727552:0.85170001,momentum,continuation,support,bearish,5598,5600,2024-08-14 06:00:00+00:00,2024-08-14 08:00:00+00:00,0.857275520503521,0.8574469756076216,0.8574469756076216,0.8566043962388984,3.9143,1548.7605,1564.4046,15.4876,77438.0263,-15.4876,-0.00019999999999994794,-0.01,-1.0,margin_stop,3.914285714285714
140,USDCHF=X,short,alexg5|USDCHF|EUR>NZD|bearish|continuation|support|momentum|EUR:+0.0060|CHF:+0.0056|AUD:+0.0042|CAD:+0.0020|g:5586:0.86241001:0.86565243:0.85460001,momentum,continuation,support,bearish,5590,5591,2024-08-14 12:00:00+00:00,2024-08-14 13:00:00+00:00,0.8656524323821068,0.8649648570215291,0.8658255628685831,0.8649648570215291,3.9714,1533.2729,1533.2729,15.3327,76663.646,60.8928,0.0007942857142855197,0.03971428571427599,3.9714285714275985,take_profit,3.9714285714285715
141,GBPUSD=X,long,alexg5|GBPUSD|EUR>NZD|bullish|bounce|support|bullish_engulfing|EUR:+0.0060|CAD:+0.0018|CHF:+0.0016|AUD:+0.0005|g:5600:1.28531396:1.28432947:1.28728294,bullish_engulfing,bounce,support,bullish,5602,5603,2024-08-14 15:00:00+00:00,2024-08-14 16:00:00+00:00,1.2843294739723206,1.2840726080775262,1.2840726080775262,1.2853283968965208,3.8889,1594.1658,1594.1658,15.9417,79708.288,-15.9417,-0.00019999999999990707,-0.01,-1.0,margin_stop,3.8888888888888893
142,EURUSD=X,long,alexg5|EURUSD|GBP>AUD|bullish|bounce|support|bullish_engulfing|GBP:+0.0009|EUR:+0.0008|CAD:+0.0006|USD:+0.0001|g:5617:1.10180700:1.10022432:1.10497236,bullish_engulfing,bounce,support,bullish,5623,5624,2024-08-15 12:00:00+00:00,2024-08-15 13:00:00+00:00,1.1002243161201477,1.1000042712569238,1.1000042712569238,1.101086158501108,3.9167,1578.2241,1578.2241,15.7822,78911.2051,-15.7822,-0.00019999999999989278,-0.01,-1.0,margin_stop,3.916666666666667
143,GBPJPY=X,short,alexg5|GBPJPY|NZD>USD|bearish|continuation|support|bearish_engulfing|NZD:+0.0105|JPY:+0.0074|AUD:+0.0068|CHF:+0.0055|g:5684:190.02600098:190.66699982:188.74400330,bearish_engulfing,continuation,support,bearish,5686,5687,2024-08-20 02:00:00+00:00,2024-08-20 03:00:00+00:00,190.66699981689453,190.70513321685792,190.70513321685792,190.5165847392612,3.9444,1562.4419,1562.4419,15.6244,78122.093,-15.6244,-0.0002000000000000334,-0.01,-1.0,margin_stop,3.9444444444444446
144,GBPJPY=X,short,alexg5|GBPJPY|NZD>USD|bearish|continuation|support|momentum|NZD:+0.0094|CHF:+0.0072|AUD:+0.0042|JPY:+0.0027|g:5698:189.71000671:190.19300842:188.74400330,momentum,continuation,support,bearish,5715,5716,2024-08-21 07:00:00+00:00,2024-08-21 08:00:00+00:00,190.19300842285156,190.23104702453614,190.23104702453614,190.04191064393783,3.9722,1546.8174,1546.8174,15.4682,77340.8721,-15.4682,-0.00020000000000003086,-0.01,-1.0,margin_stop,3.972222222222222
145,USDJPY=X,short,alexg5|USDJPY|GBP>USD|bearish|bounce|resistance|rejection|GBP:+0.0056|CHF:+0.0049|NZD:+0.0033|CAD:+0.0022|g:5706:145.60499573:145.81749725:145.17999268,rejection,bounce,resistance,bearish,5707,5708,2024-08-22 10:00:00+00:00,2024-08-22 11:00:00+00:00,145.81749725341797,145.84666075286864,145.84666075286864,145.70084325561527,4.0,1531.3493,1531.3493,15.3135,76567.4634,-15.3135,-0.00019999999999994168,-0.01,-1.0,margin_stop,4.0
146,EURUSD=X,short,alexg5|EURUSD|GBP>JPY|bearish|bounce|resistance|bearish_engulfing|GBP:+0.0021|USD:+0.0015|NZD:-0.0006|CAD:-0.0007|g:5763:1.11197603:1.11419284:1.10754240,bearish_engulfing,bounce,resistance,bearish,5768,5769,2024-08-23 14:00:00+00:00,2024-08-23 15:00:00+00:00,1.1141928434371948,1.1144156820058821,1.1144156820058821,1.1132952992022043,4.0278,1516.0358,1516.0358,15.1604,75801.7888,-15.1604,-0.0001999999999998954,-0.01,-1.0,margin_stop,4.027777777777778
147,NZDUSD=X,short,alexg5|NZDUSD|USD>JPY|bearish|continuation|support|momentum|USD:+0.0032|CAD:+0.0014|GBP:+0.0011|EUR:+0.0005|g:5828:0.61988598:0.62150651:0.61459041,momentum,continuation,support,bearish,5829,5831,2024-08-27 01:00:00+00:00,2024-08-27 03:00:00+00:00,0.6215065098404884,0.6216308111424564,0.6216308111424564,0.6210023990047291,4.0556,1500.8754,1500.8754,15.0088,75043.7709,-15.0088,-0.00019999999999993133,-0.01,-1.0,margin_stop,4.055555555555555
148,AUDUSD=X,short,alexg5|AUDUSD|USD>JPY|bearish|continuation|support|momentum|USD:+0.0032|CAD:+0.0014|GBP:+0.0011|EUR:+0.0005|g:5836:0.67649847:0.67827509:0.67142034,momentum,continuation,support,bearish,5839,5840,2024-08-27 03:00:00+00:00,2024-08-27 04:00:00+00:00,0.6782750940918922,0.6784107491107106,0.6784107491107106,0.6777211694317171,4.0833,1485.8667,1485.8667,14.8587,74293.3332,-14.8587,-0.00020000000000003706,-0.01,-1.0,margin_stop,4.083333333333333
149,GBPUSD=X,short,alexg5|GBPUSD|USD>EUR|bearish|continuation|support|momentum|USD:+0.0035|JPY:+0.0009|CHF:-0.0005|CAD:-0.0022|g:5842:1.31708920:1.32040436:1.30811286,momentum,continuation,support,bearish,5849,5850,2024-08-29 00:00:00+00:00,2024-08-29 01:00:00+00:00,1.320404356122017,1.3206684369932413,1.3206684369932413,1.3193186903180942,4.1111,1471.008,1471.008,14.7101,73550.3998,-14.7101,-0.00020000000000001698,-0.01,-1.0,margin_stop,4.111111111111111
150,USDCHF=X,short,alexg5|USDCHF|JPY>EUR|bearish|continuation|support|momentum|JPY:+0.0131|CHF:+0.0062|NZD:-0.0012|AUD:-0.0017|g:6057:0.84309000:0.84525309:0.83736002,momentum,continuation,support,bearish,6060,6061,2024-09-11 07:00:00+00:00,2024-09-11 08:00:00+00:00,0.8452530922293663,0.8454221428478121,0.8454221428478121,0.8445534105030209,4.1389,1456.2979,1456.2979,14.563,72814.8958,-14.563,-0.00019999999999997721,-0.01,-1.0,margin_stop,4.138888888888888
151,NZDUSD=X,long,alexg5|NZDUSD|AUD>USD|bullish|continuation|resistance|momentum|AUD:+0.0074|NZD:+0.0073|GBP:+0.0046|CHF:+0.0043|g:6180:0.62034738:0.61969179:0.62165856,momentum,continuation,resistance,bullish,6183,6184,2024-09-16 23:00:00+00:00,2024-09-17 00:00:00+00:00,0.619691789150238,0.619567850792408,0.619567850792408,0.6202081989745301,4.1667,1441.7349,1441.7349,14.4173,72086.7469,-14.4173,-0.0002000000000000668,-0.01,-1.0,margin_stop,4.166666666666667
152,NZDUSD=X,long,alexg5|NZDUSD|AUD>JPY|bullish|continuation|resistance|momentum|AUD:+0.0053|GBP:+0.0046|NZD:+0.0036|EUR:+0.0025|g:6191:0.62061691:0.61953470:0.62278134,momentum,continuation,resistance,bullish,6196,6197,2024-09-17 12:00:00+00:00,2024-09-17 13:00:00+00:00,0.6195347011089325,0.6194107941687107,0.6194107941687107,0.6200544218859739,4.1944,1427.3176,1427.3176,14.2732,71365.8794,-14.2732,-0.00020000000000001576,-0.01,-1.0,margin_stop,4.194444444444445
153,GBPUSD=X,short,alexg5|GBPUSD|USD>JPY|bearish|continuation|support|momentum|USD:+0.0021|GBP:+0.0019|EUR:+0.0017|AUD:+0.0014|g:6171:1.31887841:1.32254977:1.31121743,momentum,continuation,support,bearish,6191,6192,2024-09-18 09:00:00+00:00,2024-09-18 10:00:00+00:00,1.3225497667789459,1.321432946975888,1.3228142767323017,1.321432946975888,4.2222,1413.0444,1413.0444,14.1304,70652.2206,59.6619,0.0008444444444444456,0.04222222222222228,4.2222222222222285,take_profit,4.222222222222222
154,USDJPY=X,long,alexg5|USDJPY|AUD>JPY|bullish|bounce|support|bullish_engulfing|AUD:+0.0033|NZD:+0.0032|GBP:+0.0026|EUR:+0.0019|g:6158:141.84100342:141.48850250:142.54600525,bullish_engulfing,bounce,support,bullish,6165,6166,2024-09-18 18:00:00+00:00,2024-09-18 19:00:00+00:00,141.4885025024414,141.46020480194093,141.46020480194093,141.60551731802445,4.1351,1472.7063,1472.7063,14.7271,73635.3144,-14.7271,-0.00019999999999989812,-0.01,-1.0,margin_stop,4.135135135135135
155,EURJPY=X,long,alexg5|EURJPY|AUD>JPY|bullish|bounce|support|bullish_engulfing|AUD:+0.0033|NZD:+0.0032|GBP:+0.0026|EUR:+0.0019|g:6195:157.79200745:157.36820897:158.72799683,bullish_engulfing,bounce,support,bullish,6202,6203,2024-09-18 18:00:00+00:00,2024-09-18 19:00:00+00:00,157.3682089691162,157.3367353273224,157.3367353273224,157.49835673112844,4.1351,1457.9792,1472.7063,14.5798,72898.9612,-14.5798,-0.00019999999999991135,-0.01,-1.0,margin_stop,4.135135135135135
156,USDCHF=X,short,alexg5|USDCHF|NZD>EUR|bearish|continuation|support|momentum|NZD:+0.0057|JPY:+0.0051|AUD:+0.0047|CAD:+0.0039|g:6259:0.84647000:0.84863001:0.84214997,momentum,continuation,support,bearish,6273,6274,2024-09-24 06:00:00+00:00,2024-09-24 07:00:00+00:00,0.8486300110816956,0.8487997370839119,0.8487997370839119,0.8479189967480867,4.1892,1443.3994,1443.3994,14.434,72169.9716,-14.434,-0.00019999999999997675,-0.01,-1.0,margin_stop,4.1891891891891895
157,GBPJPY=X,long,alexg5|GBPJPY|NZD>USD|bullish|continuation|resistance|momentum|NZD:+0.0123|CAD:+0.0071|AUD:+0.0066|CHF:+0.0052|g:6303:192.41999817:191.96999359:193.32000732,momentum,continuation,resistance,bullish,6307,6308,2024-09-25 05:00:00+00:00,2024-09-25 06:00:00+00:00,191.9699935913086,192.13187099130985,191.93159959259035,192.13187099130985,4.2162,1428.9654,1428.9654,14.2897,71448.2719,60.2483,0.0008432432432429285,0.04216216216214643,4.216216216214643,take_profit,4.216216216216217
158,USDCAD=X,long,alexg5|USDCAD|USD>NZD|bullish|bounce|support|rejection|USD:+0.0023|GBP:+0.0013|CHF:+0.0003|AUD:-0.0013|g:6370:1.34700000:1.34614998:1.34870005,rejection,bounce,support,bullish,6371,6372,2024-09-26 10:00:00+00:00,2024-09-26 11:00:00+00:00,1.346149981021881,1.3458807510256767,1.3458807510256767,1.347262326006199,4.1316,1489.2137,1489.2137,14.8921,74460.6855,-14.8921,-0.00020000000000000185,-0.01,-1.0,margin_stop,4.131578947368421
159,USDCHF=X,long,alexg5|USDCHF|AUD>EUR|bullish|bounce|support|bullish_engulfing|AUD:+0.0021|USD:+0.0012|GBP:+0.0005|NZD:+0.0001|g:6327:0.84871000:0.84801501:0.85009998,bullish_engulfing,bounce,support,bullish,6328,6329,2024-09-26 13:00:00+00:00,2024-09-26 14:00:00+00:00,0.8480150103569031,0.8478454073548317,0.8478454073548317,0.8487202017865683,4.1579,1474.3216,1474.3216,14.7432,73716.0787,-14.7432,-0.00019999999999997716,-0.01,-1.0,margin_stop,4.157894736842105
160,EURGBP=X,long,alexg5|EURGBP|CAD>NZD|bullish|bounce|support|bullish_engulfing|CAD:+0.0033|USD:+0.0020|EUR:-0.0002|CHF:-0.0003|g:6433:0.83288002:0.83237004:0.83389997,bullish_engulfing,bounce,support,bullish,6436,6437,2024-10-02 12:00:00+00:00,2024-10-02 13:00:00+00:00,0.8323700428009033,0.8330666050998788,0.8322035687923431,0.8330666050998788,4.1842,1459.5784,1459.5784,14.5958,72978.9179,61.0718,0.0008368421052631939,0.04184210526315969,4.18421052631597,take_profit,4.184210526315789
161,EURJPY=X,long,alexg5|EURJPY|GBP>JPY|bullish|continuation|resistance|momentum|GBP:+0.0070|USD:+0.0057|EUR:+0.0054|AUD:-0.0003|g:6446:162.25999451:161.64598846:163.48800659,momentum,continuation,resistance,bullish,6451,6452,2024-10-03 05:00:00+00:00,2024-10-03 06:00:00+00:00,161.64598846435547,161.6136592666626,161.6136592666626,161.7786210702749,4.1026,1520.6502,1520.6502,15.2065,76032.5094,-15.2065,-0.0001999999999999322,-0.01,-1.0,margin_stop,4.102564102564103
162,AUDUSD=X,short,alexg5|AUDUSD|USD>JPY|bearish|continuation|support|three_black_crows|USD:+0.0067|GBP:+0.0059|EUR:+0.0049|CAD:-0.0026|g:6483:0.68624759:0.68761738:0.68017036,three_black_crows,continuation,support,bearish,6485,6486,2024-10-03 06:00:00+00:00,2024-10-03 07:00:00+00:00,0.6876173808574676,0.687049655737888,0.6877549043336391,0.687049655737888,4.1282,1505.4437,1505.4437,15.0544,75272.1844,62.1478,0.0008256410256407814,0.04128205128203907,4.128205128203907,take_profit,4.128205128205128
163,EURJPY=X,long,alexg5|EURJPY|AUD>CHF|bullish|continuation|resistance|momentum|AUD:+0.0031|GBP:+0.0019|USD:+0.0017|EUR:+0.0004|g:6546:163.05000305:162.83100128:163.48800659,momentum,continuation,resistance,bullish,6547,6548,2024-10-09 06:00:00+00:00,2024-10-09 07:00:00+00:00,162.83100128173828,162.79843508148193,162.79843508148193,162.96289439277652,4.05,1567.5915,1567.5915,15.6759,78379.5745,-15.6759,-0.0002000000000000433,-0.01,-1.0,margin_stop,4.05
164,GBPJPY=X,long,alexg5|GBPJPY|AUD>CHF|bullish|continuation|resistance|momentum|AUD:+0.0031|GBP:+0.0019|USD:+0.0017|EUR:+0.0004|g:6545:194.54600525:194.23450470:195.16900635,momentum,continuation,resistance,bullish,6546,6547,2024-10-09 06:00:00+00:00,2024-10-09 07:00:00+00:00,194.23450469970703,194.1956577987671,194.1956577987671,194.3918346485138,4.05,1551.9156,1567.5915,15.5192,77595.7788,-15.5192,-0.00020000000000001522,-0.01,-1.0,margin_stop,4.05
165,USDJPY=X,long,alexg5|USDJPY|AUD>CHF|bullish|continuation|resistance|momentum|AUD:+0.0031|GBP:+0.0019|USD:+0.0017|EUR:+0.0004|g:6506:148.59399414:148.33448792:149.11300659,momentum,continuation,resistance,bullish,6508,6509,2024-10-09 07:00:00+00:00,2024-10-09 08:00:00+00:00,148.33448791503906,148.4561221951294,148.30482101745605,148.4561221951294,4.1,1536.3964,1536.3964,15.364,76819.821,62.9923,0.0008200000000001049,0.04100000000000525,4.100000000000525,take_profit,4.1000000000000005
166,NZDUSD=X,long,alexg5|NZDUSD|CHF>CAD|bullish|continuation|resistance|momentum|CHF:+0.0040|NZD:+0.0037|AUD:+0.0021|JPY:+0.0016|g:6620:0.61016536:0.60873718:0.61440158,momentum,continuation,resistance,bullish,6624,6625,2024-10-11 11:00:00+00:00,2024-10-11 12:00:00+00:00,0.6087371780872345,0.6092271372793534,0.608615430651617,0.6092271372793534,4.0244,1599.3887,1599.3887,15.9939,79969.4337,64.3656,0.0008048780487803606,0.040243902439018035,4.024390243901803,take_profit,4.024390243902439
167,NZDUSD=X,short,alexg5|NZDUSD|USD>CHF|bearish|continuation|support|momentum|USD:+0.0023|GBP:+0.0009|EUR:+0.0002|NZD:-0.0018|g:6646:0.60816151:0.60928793:0.60551018,momentum,continuation,support,bearish,6649,6650,2024-10-14 13:00:00+00:00,2024-10-14 14:00:00+00:00,0.6092879329323768,0.6094097905189633,0.6094097905189633,0.6088063053282494,3.9524,1663.7543,1663.7543,16.6375,83187.7157,-16.6375,-0.00019999999999995686,-0.01,-1.0,margin_stop,3.9523809523809526
168,USDJPY=X,short,alexg5|USDJPY|JPY>EUR|bearish|continuation|support|momentum|JPY:+0.0030|GBP:+0.0015|NZD:+0.0010|USD:-0.0001|g:6605:148.90400696:149.31690327:147.83000183,momentum,continuation,support,bearish,6607,6608,2024-10-15 11:00:00+00:00,2024-10-15 12:00:00+00:00,149.31690327453614,149.34676665519106,149.34676665519106,149.19816078478922,3.9762,1647.1168,1647.1168,16.4712,82355.8386,-16.4712,-0.00020000000000006026,-0.01,-1.0,margin_stop,3.9761904761904763
169,EURGBP=X,short,alexg5|EURGBP|USD>CHF|bearish|continuation|support|momentum|USD:+0.0039|GBP:+0.0017|EUR:-0.0014|CAD:-0.0019|g:6630:0.83524001:0.83681002:0.83209997,momentum,continuation,support,bearish,6668,6669,2024-10-16 06:00:00+00:00,2024-10-16 07:00:00+00:00,0.8368100225925446,0.8369773845970631,0.8369773845970631,0.8361405745744706,4.0,1630.6456,1630.6456,16.3065,81532.2802,-16.3065,-0.00019999999999999044,-0.01,-1.0,margin_stop,4.0
170,USDCAD=X,long,alexg5|USDCAD|USD>GBP|bullish|bounce|support|rejection|USD:+0.0023|JPY:+0.0015|CAD:+0.0008|AUD:-0.0002|g:6722:1.37644994:1.37591493:1.37751997,rejection,bounce,support,bullish,6723,6724,2024-10-17 05:00:00+00:00,2024-10-17 06:00:00+00:00,1.3759149312973022,1.3770222152182037,1.3756397483110427,1.3770222152182037,4.0238,1614.3391,1614.3391,16.1434,80716.9574,64.9579,0.0008047619047620958,0.04023809523810479,4.023809523810479,take_profit,4.023809523809524
171,USDCHF=X,short,alexg5|USDCHF|CHF>USD|bearish|continuation|support|momentum|CHF:+0.0025|JPY:+0.0022|NZD:+0.0019|AUD:+0.0015|g:6716:0.86390001:0.86511001:0.86148000,momentum,continuation,support,bearish,6718,6719,2024-10-21 00:00:00+00:00,2024-10-21 01:00:00+00:00,0.8651100099086761,0.8652830319106579,0.8652830319106579,0.8644259694357249,3.9535,1679.2971,1679.2971,16.793,83964.854,-16.793,-0.00020000000000004107,-0.01,-1.0,margin_stop,3.9534883720930236
172,GBPJPY=X,long,alexg5|GBPJPY|USD>AUD|bullish|bounce|support|rejection|USD:+0.0033|EUR:+0.0026|CHF:+0.0002|CAD:-0.0003|g:6803:197.30099487:196.73448944:198.43400574,rejection,bounce,support,bullish,6806,6807,2024-10-24 04:00:00+00:00,2024-10-24 05:00:00+00:00,196.73448944091797,196.89096198833374,196.6951425430298,196.89096198833374,3.9767,1662.5041,1662.5041,16.625,83125.2055,66.1135,0.0007953488372091708,0.03976744186045854,3.9767441860458534,take_profit,3.976744186046512
173,AUDUSD=X,long,alexg5|AUDUSD|JPY>CAD|bullish|bounce|support|rejection|JPY:+0.0020|GBP:+0.0009|EUR:+0.0006|CHF:+0.0001|g:6860:0.66365808:0.66233146:0.66631132,rejection,bounce,support,bullish,6863,6864,2024-10-25 03:00:00+00:00,2024-10-25 04:00:00+00:00,0.6623314619064331,0.6621989956140518,0.6621989956140518,0.6628492846857418,3.9091,1728.6176,1728.6176,17.2862,86430.8822,-17.2862,-0.00019999999999999543,-0.01,-1.0,margin_stop,3.9090909090909087
174,USDJPY=X,long,alexg5|USDJPY|GBP>AUD|bullish|continuation|resistance|momentum|GBP:+0.0012|CHF:+0.0011|CAD:+0.0008|NZD:+0.0006|g:6840:153.39500427:153.15150452:153.88200378,momentum,continuation,resistance,bullish,6846,6847,2024-10-29 14:00:00+00:00,2024-10-29 15:00:00+00:00,153.15150451660156,153.27193729060775,153.12087421569825,153.27193729060775,3.9318,1711.3315,1711.3315,17.1133,85566.5734,67.2864,0.000786363636363331,0.03931818181816655,3.931818181816655,take_profit,3.931818181818182
175,AUDUSD=X,long,alexg5|AUDUSD|AUD>GBP|bullish|bounce|support|bullish_engulfing|AUD:+0.0051|EUR:+0.0036|NZD:+0.0033|JPY:+0.0026|g:6959:0.65772164:0.65746185:0.65824121,bullish_engulfing,bounce,support,bullish,6960,6961,2024-10-31 06:00:00+00:00,2024-10-31 07:00:00+00:00,0.6574618518352509,0.6573303594648838,0.6573303594648838,0.65797028900067,3.8667,1778.6179,1778.6179,17.7862,88930.8955,-17.7862,-0.0001999999999999627,-0.01,-1.0,margin_stop,3.8666666666666663
176,USDJPY=X,short,alexg5|USDJPY|JPY>GBP|bearish|continuation|support|momentum|JPY:+0.0072|AUD:+0.0030|CHF:+0.0021|NZD:+0.0014|g:6886:152.17100525:152.48350525:151.54600525,momentum,continuation,support,bearish,6887,6888,2024-10-31 07:00:00+00:00,2024-10-31 08:00:00+00:00,152.48350524902344,152.3649069671631,152.51400195007324,152.3649069671631,3.8889,1760.8317,1760.8317,17.6083,88041.5866,68.4768,0.0007777777777776317,0.03888888888888158,3.8888888888881588,take_profit,3.8888888888888893
177,EURJPY=X,short,alexg5|EURJPY|JPY>GBP|bearish|continuation|support|momentum|JPY:+0.0072|AUD:+0.0030|CHF:+0.0021|NZD:+0.0014|g:6927:165.13499451:165.55499268:164.29499817,momentum,continuation,support,bearish,6928,6929,2024-10-31 07:00:00+00:00,2024-10-31 08:00:00+00:00,165.55499267578125,165.42622768147783,165.58810367431641,165.42622768147783,3.8889,1743.2234,1760.8317,17.4322,87161.1707,67.792,0.0007777777777780103,0.03888888888890051,3.888888888890051,take_profit,3.8888888888888893
178,USDCHF=X,short,alexg5|USDCHF|JPY>USD|bearish|continuation|support|momentum|JPY:+0.0085|CHF:+0.0053|NZD:+0.0026|AUD:+0.0020|g:7059:0.87154001:0.87444156:0.86535001,momentum,continuation,support,bearish,7065,7066,2024-11-08 15:00:00+00:00,2024-11-08 16:00:00+00:00,0.8744415649771691,0.8746164532901645,0.8746164532901645,0.8737829430324843,3.766,1897.1005,1897.1005,18.971,94855.0271,-18.971,-0.00019999999999995165,-0.01,-1.0,margin_stop,3.765957446808511
179,EURJPY=X,long,alexg5|EURJPY|EUR>GBP|bullish|continuation|resistance|momentum|EUR:+0.0051|USD:+0.0021|CAD:+0.0006|CHF:-0.0019|g:7145:164.68400574:164.22931319:165.85800171,momentum,continuation,resistance,bullish,7148,7149,2024-11-13 14:00:00+00:00,2024-11-13 15:00:00+00:00,164.2293131866455,164.19646732400818,164.19646732400818,164.35370815578256,3.7872,1878.1295,1878.1295,18.7813,93906.4769,-18.7813,-0.0001999999999999218,-0.01,-1.0,margin_stop,3.787234042553192
180,EURUSD=X,long,alexg5|EURUSD|EUR>CAD|bullish|continuation|resistance|momentum|EUR:+0.0024|JPY:+0.0019|NZD:+0.0006|CHF:+0.0006|g:7189:1.05719423:1.05446322:1.06678045,momentum,continuation,resistance,bullish,7195,7196,2024-11-15 14:00:00+00:00,2024-11-15 15:00:00+00:00,1.0544632210731506,1.054252328428936,1.054252328428936,1.0552664079521807,3.8085,1859.3482,1859.3482,18.5935,92967.4121,-18.5935,-0.00019999999999996065,-0.01,-1.0,margin_stop,3.8085106382978724
181,NZDUSD=X,long,alexg5|NZDUSD|EUR>CAD|bullish|bounce|support|bullish_engulfing|EUR:+0.0012|NZD:+0.0006|USD:+0.0005|AUD:+0.0000|g:7213:0.58651024:0.58563042:0.58826989,bullish_engulfing,bounce,support,bullish,7221,7222,2024-11-15 14:00:00+00:00,2024-11-15 15:00:00+00:00,0.5856304168701172,0.5855132907867432,0.5855132907867432,0.5860764928046692,3.8085,1840.7548,1859.3482,18.4075,92037.738,-18.4075,-0.00019999999999995542,-0.01,-1.0,margin_stop,3.8085106382978724
182,EURUSD=X,long,alexg5|EURUSD|AUD>USD|bullish|continuation|resistance|momentum|AUD:+0.0056|CHF:+0.0045|EUR:+0.0035|CAD:+0.0035|g:7220:1.05876124:1.05490738:1.06678045,momentum,continuation,resistance,bullish,7237,7238,2024-11-19 09:00:00+00:00,2024-11-19 10:00:00+00:00,1.0549073776006699,1.0557198807298,1.0546963961251499,1.0557198807298,3.8511,1822.3472,1822.3472,18.2235,91117.3606,70.1798,0.000770212765956918,0.0385106382978459,3.8510638297845907,take_profit,3.851063829787234
183,USDJPY=X,short,alexg5|USDJPY|JPY>USD|bearish|continuation|support|momentum|JPY:+0.0087|NZD:+0.0078|AUD:+0.0060|CHF:+0.0057|g:7199:153.47099304:153.86299133:152.68699646,momentum,continuation,support,bearish,7200,7201,2024-11-19 14:00:00+00:00,2024-11-19 15:00:00+00:00,153.8629913330078,153.8937639312744,153.8937639312744,153.74631189791364,3.7917,1892.527,1892.527,18.9253,94626.3483,-18.9253,-0.0001999999999999527,-0.010000000000000002,-1.0,margin_stop,3.7916666666666665
184,AUDUSD=X,short,alexg5|AUDUSD|GBP>JPY|bearish|continuation|support|momentum|GBP:+0.0066|EUR:+0.0025|CAD:+0.0019|USD:+0.0019|g:7297:0.65046573:0.65159991:0.64819735,momentum,continuation,support,bearish,7311,7312,2024-11-21 00:00:00+00:00,2024-11-21 01:00:00+00:00,0.6515999138355255,0.6517302338182926,0.6517302338182926,0.6511030689012258,3.8125,1873.6017,1873.6017,18.736,93680.0848,-18.736,-0.00020000000000004633,-0.01,-1.0,margin_stop,3.8125
185,GBPJPY=X,long,alexg5|GBPJPY|USD>NZD|bullish|bounce|support|rejection|USD:+0.0037|GBP:+0.0001|JPY:-0.0008|CAD:-0.0009|g:7275:196.51400757:196.18948758:197.82400513,rejection,bounce,support,bullish,7276,7277,2024-11-21 00:00:00+00:00,2024-11-21 01:00:00+00:00,196.1894875793457,196.15024968182982,196.15024968182982,196.33908206362497,3.8125,1854.8657,1873.6017,18.5487,92743.284,-18.5487,-0.00020000000000002947,-0.01,-1.0,margin_stop,3.8125
186,USDCHF=X,long,alexg5|USDCHF|USD>NZD|bullish|bounce|support|rejection|USD:+0.0028|JPY:+0.0009|GBP:-0.0004|CHF:-0.0009|g:7264:0.88336998:0.88287997:0.88435000,rejection,bounce,support,bullish,7265,7266,2024-11-21 02:00:00+00:00,2024-11-21 03:00:00+00:00,0.8828799724578857,0.8827033964633941,0.8827033964633941,0.8835605257699888,3.8542,1836.317,1836.317,18.3632,91815.8511,-18.3632,-0.00020000000000003983,-0.01,-1.0,margin_stop,3.8541666666666665
187,AUDUSD=X,short,alexg5|AUDUSD|JPY>EUR|bearish|continuation|support|momentum|JPY:+0.0109|CHF:+0.0015|CAD:+0.0004|USD:+0.0001|g:7320:0.65096110:0.65234298:0.64819735,momentum,continuation,support,bearish,7322,7323,2024-11-21 11:00:00+00:00,2024-11-21 12:00:00+00:00,0.6523429751396179,0.6524734437346458,0.6524734437346458,0.651837409333885,3.875,1817.9539,1817.9539,18.1795,90897.6926,-18.1795,-0.0001999999999998949,-0.01,-1.0,margin_stop,3.875
188,USDCHF=X,long,alexg5|USDCHF|JPY>CHF|bullish|continuation|resistance|bullish_engulfing|JPY:+0.0024|AUD:+0.0021|NZD:+0.0021|CAD:+0.0008|g:7317:0.89124000:0.88947877:0.89574999,bullish_engulfing,continuation,resistance,bullish,7319,7320,2024-11-25 09:00:00+00:00,2024-11-25 10:00:00+00:00,0.889478771328926,0.8893008755746603,0.8893008755746603,0.890171823538253,3.8958,1799.7743,1799.7743,17.9977,89988.7157,-17.9977,-0.00019999999999995417,-0.01,-1.0,margin_stop,3.895833333333333
189,GBPUSD=X,short,alexg5|GBPUSD|JPY>CHF|bearish|continuation|support|momentum|JPY:+0.0024|AUD:+0.0021|NZD:+0.0021|CAD:+0.0008|g:7330:1.25740302:1.26124285:1.24882925,momentum,continuation,support,bearish,7337,7338,2024-11-25 14:00:00+00:00,2024-11-25 15:00:00+00:00,1.261242849946022,1.260254876380231,1.2614950985160112,1.260254876380231,3.9167,1781.7766,1781.7766,17.8178,89088.8285,69.7862,0.0007833333333332497,0.039166666666662485,3.916666666666248,take_profit,3.916666666666667
190,AUDUSD=X,long,alexg5|AUDUSD|EUR>USD|bullish|continuation|resistance|momentum|EUR:+0.0078|NZD:+0.0047|AUD:+0.0044|CHF:+0.0037|g:7371:0.65258819:0.65161431:0.65453595,momentum,continuation,resistance,bullish,7372,7373,2024-11-25 14:00:00+00:00,2024-11-25 15:00:00+00:00,0.6516143083572388,0.6514839854955673,0.6514839854955673,0.652124739565452,3.9167,1763.9588,1781.7766,17.6396,88197.9402,-17.6396,-0.0002000000000000379,-0.01,-1.0,margin_stop,3.916666666666667
191,USDCHF=X,short,alexg5|USDCHF|CHF>USD|bearish|continuation|support|momentum|CHF:+0.0089|EUR:+0.0059|NZD:+0.0033|AUD:+0.0003|g:7328:0.88551998:0.88733497:0.88189000,momentum,continuation,support,bearish,7333,7334,2024-11-25 23:00:00+00:00,2024-11-26 00:00:00+00:00,0.8873349726200104,0.8875124396145344,0.8875124396145344,0.886646835294305,3.8776,1833.9232,1833.9232,18.3392,91696.1616,-18.3392,-0.00020000000000003563,-0.01,-1.0,margin_stop,3.8775510204081627
192,USDCAD=X,long,alexg5|USDCAD|JPY>CAD|bullish|continuation|resistance|momentum|JPY:+0.0048|USD:+0.0033|CHF:+0.0004|GBP:-0.0026|g:7396:1.41162002:1.40855503:1.41775000,momentum,continuation,resistance,bullish,7397,7398,2024-11-26 14:00:00+00:00,2024-11-26 15:00:00+00:00,1.408555030822754,1.4082733198165893,1.4082733198165893,1.409653128826375,3.898,1815.584,1815.584,18.1558,90779.2,-18.1558,-0.00020000000000002546,-0.01,-1.0,margin_stop,3.8979591836734695
193,GBPUSD=X,short,alexg5|GBPUSD|JPY>AUD|bearish|continuation|support|momentum|JPY:+0.0053|USD:+0.0010|CHF:-0.0002|EUR:-0.0013|g:7363:1.25426447:1.25698209:1.24882925,momentum,continuation,support,bearish,7369,7370,2024-11-26 22:00:00+00:00,2024-11-26 23:00:00+00:00,1.2569820880889893,1.257233484506607,1.257233484506607,1.255997024575058,3.9184,1797.4282,1797.4282,17.9743,89871.408,-17.9743,-0.00020000000000003674,-0.01,-1.0,margin_stop,3.918367346938776
194,NZDUSD=X,short,alexg5|NZDUSD|GBP>JPY|bearish|bounce|resistance|bearish_engulfing|GBP:+0.0020|CAD:+0.0012|USD:+0.0006|AUD:+0.0003|g:7442:0.58903223:0.58996840:0.58671677,bearish_engulfing,bounce,resistance,bearish,7445,7446,2024-11-29 00:00:00+00:00,2024-11-29 01:00:00+00:00,0.5899684024453163,0.5900863961258054,0.5900863961258054,0.5895036518262473,3.9388,1779.4539,1779.4539,17.7945,88972.6939,-17.7945,-0.0001999999999999553,-0.01,-1.0,margin_stop,3.9387755102040813
195,GBPUSD=X,long,alexg5|GBPUSD|JPY>USD|bullish|continuation|resistance|momentum|JPY:+0.0111|NZD:+0.0053|AUD:+0.0030|CHF:+0.0022|g:7436:1.27224839:1.27093452:1.27487612,momentum,continuation,resistance,bullish,7442,7443,2024-12-02 00:00:00+00:00,2024-12-02 01:00:00+00:00,1.270934522151947,1.2706803352475167,1.2706803352475167,1.2719408947939774,3.9592,1761.6593,1761.6593,17.6166,88082.9669,-17.6166,-0.00019999999999997177,-0.01,-1.0,margin_stop,3.9591836734693877
196,EURUSD=X,short,alexg5|EURUSD|JPY>CHF|bearish|bounce|resistance|bearish_engulfing|JPY:+0.0053|USD:+0.0025|CAD:-0.0014|EUR:-0.0033|g:7470:1.04887772:1.05003035:1.04657245,bearish_engulfing,bounce,resistance,bearish,7473,7474,2024-12-03 07:00:00+00:00,2024-12-03 08:00:00+00:00,1.0500303506851196,1.0502403567552567,1.0502403567552567,1.0491946122427374,3.9796,1744.0427,1744.0427,17.4404,87202.1373,-17.4404,-0.00020000000000007544,-0.01,-1.0,margin_stop,3.979591836734694
197,AUDUSD=X,short,alexg5|AUDUSD|USD>CHF|bearish|continuation|support|momentum|USD:+0.0038|JPY:+0.0022|GBP:-0.0003|CAD:-0.0030|g:7489:0.64787823:0.64997384:0.64368701,momentum,continuation,support,bearish,7509,7510,2024-12-03 08:00:00+00:00,2024-12-03 09:00:00+00:00,0.6499738395214081,0.6501038342893124,0.6501038342893124,0.6494538604497908,4.0,1726.6023,1726.6023,17.266,86330.1159,-17.266,-0.00020000000000005576,-0.01,-1.0,margin_stop,4.0
198,AUDUSD=X,short,alexg5|AUDUSD|CHF>AUD|bearish|bounce|resistance|bearish_engulfing|CHF:+0.0036|GBP:+0.0030|EUR:+0.0013|USD:+0.0005|g:7549:0.64233911:0.64305541:0.64090651,bearish_engulfing,bounce,resistance,bearish,7550,7551,2024-12-05 01:00:00+00:00,2024-12-05 02:00:00+00:00,0.6430554091930389,0.6431840202748775,0.6431840202748775,0.6425383401497287,4.0204,1709.3363,1709.3363,17.0934,85466.8147,-17.0934,-0.0001999999999999757,-0.01,-1.0,margin_stop,4.020408163265306
199,GBPJPY=X,long,alexg5|GBPJPY|NZD>JPY|bullish|bounce|support|rejection|NZD:+0.0047|GBP:+0.0041|CHF:+0.0038|AUD:+0.0031|g:7517:191.00199890:190.87599945:191.25399780,rejection,bounce,support,bullish,7519,7520,2024-12-05 05:00:00+00:00,2024-12-05 06:00:00+00:00,190.8759994506836,190.83782425079346,190.83782425079346,191.0302584216682,4.0408,1692.2429,1692.2429,16.9224,84612.1466,-16.9224,-0.0001999999999999838,-0.01,-1.0,margin_stop,4.040816326530612
200,EURJPY=X,short,alexg5|EURJPY|USD>NZD|bearish|continuation|support|momentum|USD:+0.0047|JPY:+0.0014|GBP:-0.0005|CHF:-0.0019|g:7565:158.02799988:158.26450348:157.55499268,momentum,continuation,support,bearish,7568,7569,2024-12-09 06:00:00+00:00,2024-12-09 07:00:00+00:00,158.2645034790039,158.2961563796997,158.2961563796997,158.13595394352504,4.0612,1675.3205,1675.3205,16.7532,83766.0251,-16.7532,-0.00020000000000001725,-0.01,-1.0,margin_stop,4.061224489795918
201,USDJPY=X,short,alexg5|USDJPY|JPY>CAD|bearish|continuation|support|momentum|JPY:+0.0051|CHF:+0.0022|GBP:+0.0015|USD:+0.0005|g:7677:153.26699829:153.57526407:151.94700623,momentum,continuation,support,bearish,7681,7682,2024-12-17 21:00:00+00:00,2024-12-17 22:00:00+00:00,153.5752640686035,153.44989650609853,153.60597912141722,153.44989650609853,4.0816,1658.5673,1658.5673,16.5857,82928.3649,67.6966,0.0008163265306122069,0.04081632653061035,4.0816326530610345,take_profit,4.081632653061225
202,EURJPY=X,short,alexg5|EURJPY|JPY>AUD|bearish|continuation|support|three_black_crows|JPY:+0.0044|CHF:+0.0024|USD:+0.0008|GBP:+0.0006|g:7734:161.05700684:161.33105518:159.41299438,three_black_crows,continuation,support,bearish,7736,7737,2024-12-18 07:00:00+00:00,2024-12-18 08:00:00+00:00,161.33105517578124,161.2013450074199,161.3633213868164,161.2013450074199,4.02,1726.2639,1726.2639,17.2626,86313.1961,69.3958,0.0008040000000001739,0.040200000000008694,4.02000000000087,take_profit,4.02
203,USDCAD=X,long,alexg5|USDCAD|GBP>JPY|bullish|continuation|resistance|momentum|GBP:+0.0021|EUR:+0.0015|USD:+0.0011|NZD:+0.0003|g:7848:1.44313002:1.44134003:1.44670999,momentum,continuation,resistance,bullish,7849,7850,2024-12-23 14:00:00+00:00,2024-12-23 15:00:00+00:00,1.4413400292396545,1.4410517612338067,1.4410517612338067,1.4424817966353654,3.9608,1795.6597,1795.6597,17.9566,89782.9866,-17.9566,-0.00019999999999991102,-0.01,-1.0,margin_stop,3.9607843137254903
204,USDCAD=X,long,alexg5|USDCAD|USD>CHF|bullish|bounce|support|rejection|USD:+0.0035|JPY:-0.0006|GBP:-0.0011|CAD:-0.0017|g:7862:1.43826997:1.43755496:1.43970001,rejection,bounce,support,bullish,7863,7866,2024-12-24 04:00:00+00:00,2024-12-24 07:00:00+00:00,1.437554955482483,1.4372674444913864,1.4372674444913864,1.4386993619764552,3.9804,1777.7031,1777.7031,17.777,88885.1567,-17.777,-0.00019999999999998394,-0.01,-1.0,margin_stop,3.9803921568627447
205,AUDUSD=X,short,alexg5|AUDUSD|USD>CHF|bearish|continuation|support|momentum|USD:+0.0040|JPY:-0.0007|EUR:-0.0015|GBP:-0.0017|g:7860:0.62325877:0.62483564:0.62010503,momentum,continuation,support,bearish,7864,7865,2024-12-24 06:00:00+00:00,2024-12-24 07:00:00+00:00,0.6248356401920319,0.6249606073200703,0.6249606073200703,0.624338222015722,3.9804,1759.9261,1777.7031,17.5993,87996.3052,-17.5993,-0.00020000000000006113,-0.01,-1.0,margin_stop,3.9803921568627447
206,GBPUSD=X,short,alexg5|GBPUSD|USD>CHF|bearish|bounce|resistance|rejection|USD:+0.0020|CAD:+0.0004|JPY:-0.0006|NZD:-0.0006|g:7830:1.25327420:1.25586393:1.24758291,rejection,bounce,resistance,bearish,7835,7836,2024-12-24 12:00:00+00:00,2024-12-24 13:00:00+00:00,1.2558639318943023,1.256115104680681,1.256115104680681,1.2548543157921916,4.0196,1742.3268,1742.3268,17.4233,87116.3421,-17.4233,-0.0001999999999999213,-0.01,-1.0,margin_stop,4.019607843137255
207,NZDUSD=X,short,alexg5|NZDUSD|GBP>JPY|bearish|continuation|support|momentum|GBP:+0.0020|CAD:+0.0019|USD:-0.0001|EUR:-0.0002|g:7864:0.56385678:0.56521660:0.56107277,momentum,continuation,support,bearish,7868,7869,2024-12-24 19:00:00+00:00,2024-12-24 20:00:00+00:00,0.5652165977358818,0.5647599913863383,0.565329641055429,0.5647599913863383,4.0392,1724.9036,1724.9036,17.249,86245.1787,69.6726,0.0008078431372550614,0.040392156862753076,4.039215686275307,take_profit,4.03921568627451
208,GBPUSD=X,short,alexg5|GBPUSD|EUR>JPY|bearish|continuation|support|momentum|EUR:+0.0034|USD:+0.0011|CHF:-0.0003|CAD:-0.0006|g:7892:1.25089121:1.25254536:1.24758291,momentum,continuation,support,bearish,7893,7894,2024-12-27 10:00:00+00:00,2024-12-27 11:00:00+00:00,1.2525453567504883,1.2527958658218383,1.2527958658218383,1.2515481379472295,3.9808,1794.5761,1794.5761,17.9458,89728.8075,-17.9458,-0.00019999999999995943,-0.01,-1.0,margin_stop,3.980769230769231
209,GBPJPY=X,long,alexg5|GBPJPY|GBP>JPY|bullish|continuation|resistance|momentum|GBP:+0.0027|EUR:+0.0021|NZD:+0.0012|CAD:+0.0001|g:7897:198.39399719:198.11699677:198.94799805,momentum,continuation,resistance,bullish,7898,7899,2024-12-27 14:00:00+00:00,2024-12-27 15:00:00+00:00,198.11699676513672,198.0773733657837,198.0773733657837,198.2754903625488,4.0,1776.6304,1776.6304,17.7663,88831.5194,-17.7663,-0.00019999999999995708,-0.01,-1.0,margin_stop,4.0
210,NZDUSD=X,long,alexg5|NZDUSD|JPY>GBP|bullish|bounce|support|rejection|JPY:+0.0095|CAD:+0.0033|NZD:-0.0003|USD:-0.0004|g:7967:0.56411123:0.56316936:0.56599498,rejection,bounce,support,bullish,7970,7971,2024-12-31 03:00:00+00:00,2024-12-31 04:00:00+00:00,0.5631693601608276,0.5630567262887954,0.5630567262887954,0.5636220616849571,4.0192,1758.8641,1758.8641,17.5886,87943.2042,-17.5886,-0.00020000000000005647,-0.01,-1.0,margin_stop,4.019230769230769
211,USDCHF=X,short,alexg5|USDCHF|NZD>USD|bearish|continuation|support|momentum|NZD:+0.0133|AUD:+0.0113|EUR:+0.0092|CHF:+0.0088|g:8002:0.90175998:0.90343997:0.89840001,momentum,continuation,support,bearish,8005,8006,2025-01-06 14:00:00+00:00,2025-01-06 15:00:00+00:00,0.9034399688243866,0.9036206568181514,0.9036206568181514,0.9027102673111056,4.0385,1741.2754,1741.2754,17.4128,87063.7722,-17.4128,-0.00019999999999992037,-0.010000000000000002,-1.0,margin_stop,4.038461538461538
212,AUDUSD=X,long,alexg5|AUDUSD|GBP>JPY|bullish|bounce|support|rejection|GBP:+0.0060|EUR:+0.0058|CHF:+0.0050|NZD:+0.0048|g:8097:0.62514067:0.62294065:0.63027859,rejection,bounce,support,bullish,8116,8118,2025-01-07 20:00:00+00:00,2025-01-07 22:00:00+00:00,0.6229406523704529,0.6234461926691075,0.6228160642399788,0.6234461926691075,4.0577,1723.8627,1723.8627,17.2386,86193.1344,69.949,0.0008115384615386045,0.04057692307693023,4.0576923076930225,take_profit,4.0576923076923075
213,EURUSD=X,short,alexg5|EURUSD|USD>NZD|bearish|continuation|support|momentum|USD:+0.0096|JPY:+0.0037|EUR:-0.0036|CAD:-0.0049|g:8066:1.02848911:1.03085816:1.02375102,momentum,continuation,support,bearish,8068,8069,2025-01-08 14:00:00+00:00,2025-01-08 15:00:00+00:00,1.0308581590652466,1.0310643306970597,1.0310643306970597,1.030033472537994,4.0,1793.8117,1793.8117,17.9381,89690.5866,-17.9381,-0.0002000000000000827,-0.01,-1.0,margin_stop,4.0
214,EURUSD=X,short,alexg5|EURUSD|USD>CAD|bearish|continuation|support|momentum|USD:+0.0019|JPY:+0.0001|EUR:-0.0006|GBP:-0.0012|g:8108:1.02838337:1.03004667:1.02375102,momentum,continuation,support,bearish,8110,8111,2025-01-10 08:00:00+00:00,2025-01-10 09:00:00+00:00,1.030046666264534,1.030252675597787,1.030252675597787,1.0292187419629701,4.0189,1775.8736,1775.8736,17.7587,88793.6808,-17.7587,-0.0002000000000000786,-0.01,-1.0,margin_stop,4.018867924528302
215,EURUSD=X,long,alexg5|EURUSD|CHF>USD|bullish|continuation|resistance|momentum|CHF:+0.0046|JPY:+0.0041|AUD:+0.0026|CAD:+0.0020|g:8182:1.03135312:1.02904694:1.03605473,momentum,continuation,resistance,bullish,8189,8190,2025-01-15 16:00:00+00:00,2025-01-15 17:00:00+00:00,1.0290469387769698,1.0288411293892146,1.0288411293892146,1.0298779427199818,4.0377,1758.1149,1758.1149,17.5811,87905.7439,-17.5811,-0.000199999999999883,-0.01,-1.0,margin_stop,4.037735849056604
216,USDCHF=X,short,alexg5|USDCHF|JPY>EUR|bearish|bounce|resistance|rejection|JPY:+0.0132|AUD:+0.0027|NZD:+0.0004|CAD:+0.0001|g:8185:0.91226000:0.91348499:0.90981001,rejection,bounce,resistance,bearish,8195,8196,2025-01-16 13:00:00+00:00,2025-01-16 14:00:00+00:00,0.9134849905967712,0.9127438612647777,0.9136676875948906,0.9127438612647777,4.0566,1740.5337,1740.5337,17.4053,87026.6865,70.6066,0.0008113207547169197,0.04056603773584599,4.056603773584599,take_profit,4.056603773584905
217,AUDUSD=X,short,alexg5|AUDUSD|JPY>CAD|bearish|continuation|support|momentum|JPY:+0.0021|EUR:+0.0015|USD:+0.0004|CHF:+0.0000|g:8299:0.61864728:0.62077368:0.61417514,momentum,continuation,support,bearish,8301,8302,2025-01-17 14:00:00+00:00,2025-01-17 15:00:00+00:00,0.6207736837267875,0.6208978384635329,0.6208978384635329,0.6202770647798063,4.0,1811.1403,1811.1403,18.1114,90557.0144,-18.1114,-0.00019999999999993772,-0.01,-1.0,margin_stop,4.0
218,NZDUSD=X,short,alexg5|NZDUSD|JPY>CAD|bearish|continuation|support|momentum|JPY:+0.0021|EUR:+0.0015|USD:+0.0004|CHF:+0.0000|g:8289:0.55869043:0.56040640:0.55469269,momentum,continuation,support,bearish,8292,8293,2025-01-17 15:00:00+00:00,2025-01-17 16:00:00+00:00,0.5604064029455185,0.5605184842261075,0.5605184842261075,0.5599560022438922,4.0185,1793.0289,1793.0289,17.9303,89651.4442,-17.9303,-0.00019999999999988297,-0.01,-1.0,margin_stop,4.018518518518518
219,GBPUSD=X,short,alexg5|GBPUSD|USD>CHF|bearish|continuation|support|momentum|USD:+0.0036|EUR:+0.0021|AUD:-0.0019|GBP:-0.0028|g:8237:1.21801198:1.22105747:1.21012640,momentum,continuation,support,bearish,8249,8250,2025-01-20 05:00:00+00:00,2025-01-20 06:00:00+00:00,1.221057465672493,1.2213016771656275,1.2213016771656275,1.2200715748298392,4.037,1775.0986,1775.0986,17.751,88754.9298,-17.751,-0.0001999999999999781,-0.01,-1.0,margin_stop,4.037037037037037
220,AUDUSD=X,long,alexg5|AUDUSD|NZD>JPY|bullish|continuation|resistance|momentum|NZD:+0.0044|EUR:+0.0033|AUD:+0.0028|GBP:-0.0002|g:8317:0.62223881:0.62099490:0.62472665,momentum,continuation,resistance,bullish,8319,8320,2025-01-20 09:00:00+00:00,2025-01-20 10:00:00+00:00,0.62099489569664,0.6208706967175007,0.6208706967175007,0.6214985915564827,4.0556,1757.3476,1757.3476,17.5735,87867.3805,-17.5735,-0.00019999999999993794,-0.01,-1.0,margin_stop,4.055555555555555
221,USDCHF=X,long,alexg5|USDCHF|NZD>JPY|bullish|bounce|support|bullish_engulfing|NZD:+0.0039|EUR:+0.0029|AUD:+0.0017|GBP:+0.0010|g:8241:0.91355997:0.91224647:0.91882998,bullish_engulfing,bounce,support,bullish,8242,8243,2025-01-20 13:00:00+00:00,2025-01-20 14:00:00+00:00,0.9122464661002159,0.9120640168069959,0.9120640168069959,0.9129897780355565,4.0741,1739.7741,1739.7741,17.3977,86988.7067,-17.3977,-0.00019999999999992775,-0.01,-1.0,margin_stop,4.074074074074074
222,EURJPY=X,long,alexg5|EURJPY|NZD>USD|bullish|continuation|resistance|momentum|NZD:+0.0162|AUD:+0.0115|CAD:+0.0104|CHF:+0.0091|g:8267:162.17700195:161.70899963:163.11300659,momentum,continuation,resistance,bullish,8271,8272,2025-01-20 23:00:00+00:00,2025-01-21 00:00:00+00:00,161.70899963378906,161.67665783386232,161.67665783386232,161.84136144460035,4.0926,1722.3764,1722.3764,17.2238,86118.8196,-17.2238,-0.00019999999999989343,-0.01,-1.0,margin_stop,4.092592592592593
223,USDJPY=X,long,alexg5|USDJPY|USD>CAD|bullish|continuation|resistance|momentum|USD:+0.0037|EUR:-0.0011|GBP:-0.0012|JPY:-0.0018|g:8281:156.54200745:156.15745335:158.19799805,momentum,continuation,resistance,bullish,8283,8284,2025-01-23 13:00:00+00:00,2025-01-23 14:00:00+00:00,156.15745335388183,156.28584948219498,156.12622186321107,156.28584948219498,4.1111,1705.1526,1705.1526,17.0515,85257.6314,70.1007,0.0008222222222219027,0.04111111111109514,4.111111111109514,take_profit,4.111111111111111
224,EURJPY=X,short,alexg5|EURJPY|JPY>EUR|bearish|continuation|support|momentum|JPY:+0.0035|AUD:+0.0016|NZD:+0.0015|GBP:+0.0011|g:8339:162.38999939:162.65650177:161.85699463,momentum,continuation,support,bearish,8343,8344,2025-01-23 23:00:00+00:00,2025-01-24 00:00:00+00:00,162.65650177001953,162.68903307037354,162.68903307037354,162.52460213403873,4.0545,1775.2533,1775.2533,17.7525,88762.6674,-17.7525,-0.00020000000000003048,-0.009999999999999998,-1.0,margin_stop,4.054545454545455
225,USDJPY=X,short,alexg5|USDJPY|NZD>USD|bearish|continuation|support|momentum|NZD:+0.0102|GBP:+0.0083|AUD:+0.0081|EUR:+0.0063|g:8309:155.72599792:155.98799896:155.20199585,momentum,continuation,support,bearish,8312,8313,2025-01-24 18:00:00+00:00,2025-01-24 19:00:00+00:00,155.98799896240234,155.86093964688388,156.01919656219482,155.86093964688388,4.0727,1757.5008,1757.5008,17.575,87875.0407,71.5782,0.0008145454545454527,0.04072727272727264,4.072727272727263,take_profit,4.072727272727273
226,GBPJPY=X,long,alexg5|GBPJPY|GBP>AUD|bullish|bounce|support|rejection|GBP:+0.0050|JPY:+0.0029|CHF:+0.0024|USD:-0.0004|g:8373:193.03399658:192.70199585:193.69799805,rejection,bounce,support,bullish,8374,8375,2025-01-27 10:00:00+00:00,2025-01-27 11:00:00+00:00,192.70199584960938,192.66345545043947,192.66345545043947,192.85684566770274,4.0179,1829.079,1829.079,18.2908,91453.9514,-18.2908,-0.00019999999999990514,-0.010000000000000002,-1.0,margin_stop,4.017857142857143
227,GBPJPY=X,short,alexg5|GBPJPY|JPY>EUR|bearish|continuation|support|momentum|JPY:+0.0083|NZD:+0.0002|AUD:-0.0002|USD:-0.0004|g:8438:192.17399597:192.41549683:191.69099426,momentum,continuation,support,bearish,8439,8440,2025-01-30 03:00:00+00:00,2025-01-30 04:00:00+00:00,192.41549682617188,192.4539799255371,192.4539799255371,192.26019003230502,4.0357,1810.7882,1810.7882,18.1079,90539.4119,-18.1079,-0.00020000000000001465,-0.01,-1.0,margin_stop,4.035714285714286
228,NZDUSD=X,short,alexg5|NZDUSD|JPY>CHF|bearish|continuation|support|momentum|JPY:+0.0053|USD:+0.0011|GBP:-0.0015|CAD:-0.0016|g:8496:0.56503564:0.56573629:0.56363434,momentum,continuation,support,bearish,8505,8506,2025-01-30 13:00:00+00:00,2025-01-30 14:00:00+00:00,0.5657362937927246,0.5658494410514832,0.5658494410514832,0.5652776432973998,4.0536,1792.6804,1792.6804,17.9268,89634.0178,-17.9268,-0.00020000000000000942,-0.010000000000000002,-1.0,margin_stop,4.053571428571429
229,GBPUSD=X,short,alexg5|GBPUSD|JPY>CAD|bearish|continuation|support|momentum|JPY:+0.0077|USD:+0.0021|CHF:-0.0032|GBP:-0.0036|g:8456:1.24172699:1.24533228:1.23140574,momentum,continuation,support,bearish,8475,8476,2025-01-31 16:00:00+00:00,2025-01-31 17:00:00+00:00,1.245332284092903,1.2455813505497217,1.2455813505497217,1.2443182278044271,4.0714,1774.7536,1774.7536,17.7475,88737.6776,-17.7475,-0.00020000000000006251,-0.01,-1.0,margin_stop,4.071428571428572
230,EURJPY=X,short,alexg5|EURJPY|JPY>EUR|bearish|continuation|support|momentum|JPY:+0.0051|USD:+0.0018|AUD:+0.0005|CHF:-0.0012|g:8619:156.36199951:156.61299896:155.86000061,momentum,continuation,support,bearish,8622,8623,2025-02-10 17:00:00+00:00,2025-02-10 18:00:00+00:00,156.61299896240234,156.64432156219482,156.64432156219482,156.48491190253668,4.0893,1757.006,1757.006,17.5701,87850.3008,-17.5701,-0.00019999999999996282,-0.01,-1.0,margin_stop,4.089285714285714
231,USDCAD=X,long,alexg5|USDCAD|AUD>JPY|bullish|bounce|support|rejection|AUD:+0.0023|USD:+0.0009|GBP:+0.0007|EUR:+0.0001|g:8683:1.43193996:1.43069994:1.43441999,rejection,bounce,support,bullish,8684,8685,2025-02-10 18:00:00+00:00,2025-02-10 19:00:00+00:00,1.4306999444961548,1.4304138045072556,1.4304138045072556,1.4318751623077048,4.1071,1739.436,1739.436,17.3944,86971.7978,-17.3944,-0.0001999999999999419,-0.01,-1.0,margin_stop,4.107142857142857
232,GBPJPY=X,short,alexg5|GBPJPY|JPY>EUR|bearish|continuation|support|momentum|JPY:+0.0042|USD:+0.0021|AUD:+0.0004|CAD:+0.0000|g:8615:188.16600037:188.63216624:187.04200745,momentum,continuation,support,bearish,8638,8639,2025-02-11 12:00:00+00:00,2025-02-11 13:00:00+00:00,188.63216624450683,188.66989267775574,188.66989267775574,188.4765447073551,4.125,1722.0416,1722.0416,17.2204,86102.0799,-17.2204,-0.0002000000000000258,-0.009999999999999998,-1.0,margin_stop,4.125
233,GBPUSD=X,short,alexg5|GBPUSD|JPY>CHF|bearish|continuation|support|momentum|JPY:+0.0072|USD:+0.0018|CAD:+0.0003|AUD:-0.0024|g:8594:1.23935699:1.24318224:1.22497976,momentum,continuation,support,bearish,8644,8645,2025-02-11 19:00:00+00:00,2025-02-11 20:00:00+00:00,1.2431822395324708,1.2434308759803772,1.2434308759803772,1.242152174248287,4.1429,1704.8212,1704.8212,17.0482,85241.0591,-17.0482,-0.00019999999999992664,-0.01,-1.0,margin_stop,4.142857142857142
234,EURUSD=X,long,alexg5|EURUSD|EUR>JPY|bullish|continuation|resistance|momentum|EUR:+0.0039|GBP:+0.0024|USD:+0.0008|AUD:+0.0007|g:8640:1.03434014:1.03213028:1.03896105,momentum,continuation,resistance,bullish,8662,8663,2025-02-12 13:00:00+00:00,2025-02-12 14:00:00+00:00,1.0321302802562713,1.0329891600966274,1.03192385420022,1.0329891600966274,4.1607,1687.773,1687.773,16.8777,84388.6485,70.2234,0.000832142857142897,0.041607142857144855,4.160714285714485,take_profit,4.160714285714286
235,USDCHF=X,short,alexg5|USDCHF|GBP>JPY|bearish|continuation|support|momentum|GBP:+0.0082|EUR:+0.0067|CAD:+0.0018|CHF:+0.0014|g:8643:0.91048002:0.91217002:0.90710002,momentum,continuation,support,bearish,8647,8648,2025-02-12 13:00:00+00:00,2025-02-12 14:00:00+00:00,0.912170022726059,0.9123524567306042,0.9123524567306042,0.9114109669571476,4.1607,1670.8952,1687.773,16.709,83544.762,-16.709,-0.00019999999999999434,-0.01,-1.0,margin_stop,4.160714285714286
236,GBPJPY=X,short,alexg5|GBPJPY|JPY>USD|bearish|continuation|support|momentum|JPY:+0.0088|CHF:+0.0078|CAD:+0.0053|NZD:+0.0053|g:8702:191.63400269:191.95750427:190.98699951,momentum,continuation,support,bearish,8705,8706,2025-02-14 07:00:00+00:00,2025-02-14 08:00:00+00:00,191.95750427246094,191.99589577331543,191.99589577331543,191.799223523324,4.1228,1741.2874,1741.2874,17.4129,87064.3714,-17.4129,-0.0001999999999999756,-0.01,-1.0,margin_stop,4.12280701754386
237,EURUSD=X,short,alexg5|EURUSD|USD>NZD|bearish|continuation|support|momentum|USD:+0.0024|GBP:+0.0013|JPY:-0.0005|CHF:-0.0009|g:8757:1.04471374:1.04696044:1.03573275,momentum,continuation,support,bearish,8760,8761,2025-02-18 16:00:00+00:00,2025-02-18 17:00:00+00:00,1.0469604365825653,1.046093479870167,1.0471698286698818,1.046093479870167,4.1404,1723.8746,1723.8746,17.2387,86193.7277,71.3745,0.0008280701754386265,0.04140350877193132,4.140350877193132,take_profit,4.140350877192983
238,AUDUSD=X,short,alexg5|AUDUSD|USD>NZD|bearish|continuation|support|momentum|USD:+0.0018|GBP:+0.0006|CHF:+0.0000|JPY:-0.0007|g:8822:0.63469899:0.63672653:0.62795925,momentum,continuation,support,bearish,8837,8838,2025-02-19 03:00:00+00:00,2025-02-19 04:00:00+00:00,0.6367265273332596,0.6362061680678183,0.6368538726387263,0.6362061680678183,4.0862,1795.249,1795.249,17.9525,89762.4505,73.3576,0.0008172413793104112,0.04086206896552057,4.086206896552056,take_profit,4.086206896551724
239,GBPUSD=X,short,alexg5|GBPUSD|JPY>EUR|bearish|bounce|resistance|rejection|JPY:+0.0121|CHF:+0.0002|USD:-0.0002|AUD:-0.0003|g:8798:1.25909698:1.26111180:1.25506735,rejection,bounce,resistance,bearish,8800,8801,2025-02-20 08:00:00+00:00,2025-02-20 09:00:00+00:00,1.2611117959022522,1.2613640182614325,1.2613640182614325,1.2600943565550502,4.0339,1868.6066,1868.6066,18.6861,93430.3299,-18.6861,-0.00019999999999989717,-0.01,-1.0,margin_stop,4.033898305084746
240,NZDUSD=X,short,alexg5|NZDUSD|GBP>EUR|bearish|continuation|support|momentum|GBP:+0.0020|JPY:+0.0012|USD:+0.0007|AUD:-0.0014|g:8801:0.57247537:0.57367119:0.56436592,momentum,continuation,support,bearish,8862,8863,2025-02-20 13:00:00+00:00,2025-02-20 14:00:00+00:00,0.5736711944937706,0.5737859287326693,0.5737859287326693,0.5732064235938248,4.0508,1849.9205,1849.9205,18.4992,92496.0266,-18.4992,-0.00019999999999997426,-0.01,-1.0,margin_stop,4.0508474576271185
241,GBPJPY=X,short,alexg5|GBPJPY|JPY>AUD|bearish|continuation|support|momentum|JPY:+0.0027|USD:+0.0014|CHF:+0.0008|GBP:-0.0004|g:8834:188.67799377:189.27968141:187.24299622,momentum,continuation,support,bearish,8842,8843,2025-02-24 02:00:00+00:00,2025-02-24 03:00:00+00:00,189.27968141174316,189.3175373480255,189.3175373480255,189.12569116245905,4.0678,1831.4213,1831.4213,18.3142,91571.0663,-18.3142,-0.0001999999999999595,-0.01,-1.0,margin_stop,4.067796610169491
242,USDJPY=X,long,alexg5|USDJPY|USD>JPY|bullish|continuation|resistance|momentum|USD:+0.0045|GBP:+0.0002|EUR:+0.0001|CHF:-0.0010|g:8815:150.14700317:149.85250854:150.73599243,momentum,continuation,resistance,bullish,8817,8818,2025-02-25 02:00:00+00:00,2025-02-25 03:00:00+00:00,149.85250854492188,149.8225380432129,149.8225380432129,149.97493042478402,4.0847,1813.1071,1813.1071,18.1311,90655.3557,-18.1311,-0.00020000000000002245,-0.009999999999999998,-1.0,margin_stop,4.084745762711864
243,USDJPY=X,long,alexg5|USDJPY|CHF>NZD|bullish|bounce|support|rejection|CHF:+0.0038|EUR:+0.0015|GBP:+0.0013|USD:+0.0000|g:8830:149.07099915:148.66899872:149.87500000,rejection,bounce,support,bullish,8839,8840,2025-02-26 00:00:00+00:00,2025-02-26 01:00:00+00:00,148.66899871826172,148.7909576934814,148.63926491851808,148.7909576934814,4.1017,1794.976,1794.976,17.9498,89748.8021,73.6244,0.0008203389830505605,0.04101694915252803,4.101694915252803,take_profit,4.101694915254237
244,EURJPY=X,short,alexg5|EURJPY|JPY>USD|bearish|continuation|support|momentum|JPY:+0.0151|CHF:+0.0120|NZD:+0.0030|EUR:-0.0009|g:8999:156.19400024:156.78619888:154.79100037,momentum,continuation,support,bearish,9002,9003,2025-03-04 16:00:00+00:00,2025-03-04 17:00:00+00:00,156.78619888305664,156.81755612283325,156.81755612283325,156.65920206196137,4.05,1868.6005,1868.6005,18.686,93430.0242,-18.686,-0.00019999999999999706,-0.01,-1.0,margin_stop,4.05
245,NZDUSD=X,short,alexg5|NZDUSD|USD>AUD|bearish|continuation|support|momentum|USD:+0.0031|JPY:+0.0028|EUR:+0.0006|CHF:-0.0019|g:9163:0.56821412:0.57017404:0.56398398,momentum,continuation,support,bearish,9165,9166,2025-03-11 07:00:00+00:00,2025-03-11 08:00:00+00:00,0.5701740414500237,0.5702880762583137,0.5702880762583137,0.5697102998963112,4.0667,1849.9145,1849.9145,18.4991,92495.7239,-18.4991,-0.00019999999999994886,-0.01,-1.0,margin_stop,4.066666666666666
246,USDCAD=X,long,alexg5|USDCAD|EUR>JPY|bullish|bounce|support|rejection|EUR:+0.0060|GBP:+0.0036|AUD:+0.0017|NZD:+0.0016|g:9194:1.44494998:1.44477499:1.44529998,rejection,bounce,support,bullish,9195,9196,2025-03-12 05:00:00+00:00,2025-03-12 06:00:00+00:00,1.4447749853134155,1.444486030316353,1.444486030316353,1.4459548848847545,4.0833,1831.4153,1831.4153,18.3142,91570.7667,-18.3142,-0.00019999999999994737,-0.01,-1.0,margin_stop,4.083333333333333
247,EURUSD=X,long,alexg5|EURUSD|GBP>JPY|bullish|continuation|resistance|momentum|GBP:+0.0032|EUR:+0.0025|NZD:+0.0025|AUD:+0.0015|g:9133:1.09218001:1.09074485:1.09505033,momentum,continuation,resistance,bullish,9136,9137,2025-03-12 11:00:00+00:00,2025-03-12 12:00:00+00:00,1.0907448530197144,1.0905267040491105,1.0905267040491105,1.0916392637991903,4.1,1813.1012,1813.1012,18.131,90655.059,-18.131,-0.0001999999999999645,-0.01,-1.0,margin_stop,4.1000000000000005
248,EURJPY=X,long,alexg5|EURJPY|NZD>USD|bullish|continuation|resistance|bullish_engulfing|NZD:+0.0055|AUD:+0.0055|CAD:+0.0045|GBP:+0.0034|g:9155:161.44000244:161.11456097:162.35400391,bullish_engulfing,continuation,resistance,bullish,9157,9158,2025-03-13 04:00:00+00:00,2025-03-13 05:00:00+00:00,161.1145609741211,161.0823380619263,161.0823380619263,161.24721196265642,4.1167,1794.9702,1794.9702,17.9497,89748.5084,-17.9497,-0.00019999999999991926,-0.01,-1.0,margin_stop,4.116666666666667
249,EURJPY=X,long,alexg5|EURJPY|CHF>AUD|bullish|bounce|support|rejection|CHF:+0.0051|EUR:+0.0016|GBP:+0.0007|CAD:-0.0002|g:9246:163.50399780:163.16399384:164.18400574,rejection,bounce,support,bullish,9254,9255,2025-03-19 07:00:00+00:00,2025-03-19 08:00:00+00:00,163.16399383544922,163.13136103668214,163.13136103668214,163.29887607035315,4.1333,1777.0205,1777.0205,17.7702,88851.0233,-17.7702,-0.00019999999999995344,-0.01,-1.0,margin_stop,4.133333333333333
250,EURUSD=X,short,alexg5|EURUSD|USD>CHF|bearish|bounce|resistance|bearish_engulfing|USD:+0.0048|CAD:+0.0006|GBP:-0.0002|JPY:-0.0011|g:9293:1.08471632:1.08600748:1.08213401,bearish_engulfing,bounce,resistance,bearish,9303,9304,2025-03-21 12:00:00+00:00,2025-03-21 13:00:00+00:00,1.0860074758529663,1.085106089648009,1.0862246773481368,1.085106089648009,4.15,1759.2503,1759.2503,17.5925,87962.5131,73.0089,0.0008299999999994718,0.041499999999973586,4.149999999997359,take_profit,4.15
251,USDCAD=X,long,alexg5|USDCAD|USD>NZD|bullish|bounce|support|rejection|USD:+0.0048|JPY:+0.0017|CAD:-0.0002|GBP:-0.0012|g:9354:1.43236995:1.43016760:1.44264996,rejection,bounce,support,bullish,9393,9394,2025-03-24 14:00:00+00:00,2025-03-24 15:00:00+00:00,1.4301676046848297,1.4298815711638928,1.4298815711638928,1.4313398732132598,4.0984,1832.2591,1832.2591,18.3226,91612.9574,-18.3226,-0.00019999999999997038,-0.01,-1.0,margin_stop,4.098360655737705
252,AUDUSD=X,short,alexg5|AUDUSD|USD>NZD|bearish|bounce|resistance|rejection|USD:+0.0039|EUR:+0.0017|GBP:+0.0000|JPY:-0.0041|g:9528:0.62499607:0.62646565:0.62205690,rejection,bounce,resistance,bearish,9529,9530,2025-04-01 04:00:00+00:00,2025-04-01 05:00:00+00:00,0.6264656484127045,0.626590941542387,0.626590941542387,0.6259500979938467,4.1148,1813.9366,1813.9366,18.1394,90696.8278,-18.1394,-0.00020000000000004452,-0.01,-1.0,margin_stop,4.114754098360655
253,EURGBP=X,long,alexg5|EURGBP|JPY>GBP|bullish|bounce|support|bullish_engulfing|JPY:+0.0030|AUD:+0.0027|NZD:+0.0013|USD:+0.0003|g:9474:0.83683997:0.83568996:0.83914000,bullish_engulfing,bounce,support,bullish,9477,9478,2025-04-01 15:00:00+00:00,2025-04-01 16:00:00+00:00,0.8356899619102478,0.8355228239178658,0.8355228239178658,0.8363804336164816,4.1311,1795.7972,1795.7972,17.958,89789.8595,-17.958,-0.00019999999999993325,-0.01,-1.0,margin_stop,4.131147540983607
254,USDJPY=X,long,alexg5|USDJPY|USD>AUD|bullish|continuation|resistance|momentum|USD:+0.0187|JPY:+0.0036|CHF:+0.0017|EUR:+0.0003|g:9495:146.71699524:145.70728691:149.99099731,momentum,continuation,resistance,bullish,9500,9501,2025-04-06 23:00:00+00:00,2025-04-07 00:00:00+00:00,145.70728691101075,145.67814545362856,145.67814545362856,145.82815229982543,4.1475,1777.8392,1777.8392,17.7784,88891.961,-17.7784,-0.00019999999999995306,-0.010000000000000002,-1.0,margin_stop,4.147540983606557
255,USDJPY=X,long,alexg5|USDJPY|USD>GBP|bullish|continuation|resistance|momentum|USD:+0.0082|EUR:+0.0006|JPY:-0.0042|CAD:-0.0045|g:9513:146.97999573:146.75399017:147.43200684,momentum,continuation,resistance,bullish,9514,9515,2025-04-07 13:00:00+00:00,2025-04-07 14:00:00+00:00,146.75399017333984,146.87620497171372,146.72463937530517,146.87620497171372,4.1639,1760.0608,1760.0608,17.6006,88003.0413,73.2878,0.0008327868852459814,0.04163934426229907,4.163934426229907,take_profit,4.163934426229508
256,NZDUSD=X,long,alexg5|NZDUSD|AUD>JPY|bullish|continuation|resistance|momentum|AUD:+0.0074|NZD:+0.0066|EUR:+0.0065|CAD:+0.0039|g:9639:0.56075811:0.55946290:0.56334853,momentum,continuation,resistance,bullish,9640,9641,2025-04-08 05:00:00+00:00,2025-04-08 06:00:00+00:00,0.5594629049301147,0.5599231082873958,0.5593510123491288,0.5599231082873958,4.1129,1833.3486,1833.3486,18.3335,91667.4303,75.4039,0.0008225806451609454,0.041129032258047274,4.112903225804727,take_profit,4.112903225806452
257,GBPJPY=X,short,alexg5|GBPJPY|NZD>USD|bearish|continuation|support|momentum|NZD:+0.0086|JPY:+0.0085|CHF:+0.0068|AUD:+0.0056|g:9594:187.15100098:187.37450409:186.70399475,momentum,continuation,support,bearish,9595,9596,2025-04-08 17:00:00+00:00,2025-04-08 18:00:00+00:00,187.37450408935547,187.41197899017334,187.41197899017334,187.2222251273019,4.0635,1908.7525,1908.7525,19.0875,95437.623,-19.0875,-0.00019999999999999223,-0.010000000000000002,-1.0,margin_stop,4.063492063492063
258,GBPUSD=X,short,alexg5|GBPUSD|CAD>GBP|bearish|bounce|resistance|rejection|CAD:+0.0058|CHF:+0.0041|JPY:+0.0034|NZD:+0.0004|g:9587:1.27761233:1.28081899:1.27110028,rejection,bounce,resistance,bearish,9593,9594,2025-04-08 18:00:00+00:00,2025-04-08 19:00:00+00:00,1.280818985581398,1.2797739999328441,1.2810751493785144,1.2797739999328441,4.0794,1889.6649,1889.6649,18.8966,94483.2467,77.0863,0.0008158730158731868,0.04079365079365933,4.0793650793659335,take_profit,4.07936507936508
259,GBPUSD=X,long,alexg5|GBPUSD|CHF>AUD|bullish|continuation|resistance|momentum|CHF:+0.0190|JPY:+0.0098|EUR:+0.0016|CAD:-0.0015|g:9607:1.28246236:1.27765345:1.29664683,momentum,continuation,resistance,bullish,9610,9611,2025-04-09 11:00:00+00:00,2025-04-09 12:00:00+00:00,1.2776534469127656,1.278683555004339,1.277397916223383,1.278683555004339,4.0312,1966.7513,1966.7513,19.6675,98337.5633,79.2847,0.0008062499999999348,0.04031249999999675,4.031249999999674,take_profit,4.03125
260,EURJPY=X,short,alexg5|EURJPY|CHF>GBP|bearish|continuation|support|momentum|CHF:+0.0163|JPY:+0.0124|EUR:+0.0042|CAD:-0.0020|g:9614:159.63000488:159.93850708:159.01300049,momentum,continuation,support,bearish,9615,9616,2025-04-09 12:00:00+00:00,2025-04-09 13:00:00+00:00,159.93850708007812,159.97049478149412,159.97049478149412,159.81104839289745,3.9846,2046.0359,2046.0359,20.4604,102301.7963,-20.4604,-0.00019999999999990192,-0.01,-1.0,margin_stop,3.9846153846153847
261,USDCAD=X,short,alexg5|USDCAD|CHF>GBP|bearish|continuation|support|momentum|CHF:+0.0190|JPY:+0.0131|EUR:+0.0047|CAD:+0.0013|g:9679:1.41448998:1.42046447:1.40230000,momentum,continuation,support,bearish,9681,9682,2025-04-09 15:00:00+00:00,2025-04-09 16:00:00+00:00,1.420464468240738,1.4193280966661457,1.420748561134386,1.4193280966661457,4.0,2025.5756,2025.5756,20.2558,101278.7784,81.023,0.0007999999999997477,0.03999999999998739,3.9999999999987392,take_profit,4.0
262,GBPJPY=X,short,alexg5|GBPJPY|CHF>USD|bearish|continuation|support|momentum|CHF:+0.0399|NZD:+0.0203|EUR:+0.0175|CAD:+0.0117|g:9657:186.64100647:187.10800934:185.70700073,momentum,continuation,support,bearish,9660,9661,2025-04-11 10:00:00+00:00,2025-04-11 11:00:00+00:00,187.1080093383789,186.96002391281132,187.14543094024657,186.96002391281132,3.9545,2106.5986,2106.5986,21.066,105329.9295,83.3064,0.0007909090909088571,0.03954545454544285,3.9545454545442853,take_profit,3.954545454545454
263,GBPUSD=X,long,alexg5|GBPUSD|AUD>USD|bullish|continuation|resistance|momentum|AUD:+0.0217|NZD:+0.0196|CAD:+0.0100|GBP:+0.0059|g:9676:1.31691575:1.31467968:1.32138789,momentum,continuation,resistance,bullish,9682,9683,2025-04-14 12:00:00+00:00,2025-04-14 13:00:00+00:00,1.3146796822547913,1.3144167463183403,1.3144167463183403,1.3157078794988235,3.9104,2189.905,2189.905,21.899,109495.2494,-21.899,-0.00020000000000002568,-0.01,-1.0,margin_stop,3.91044776119403
264,EURUSD=X,short,alexg5|EURUSD|NZD>CHF|bearish|continuation|support|momentum|NZD:+0.0083|AUD:+0.0071|GBP:+0.0058|USD:+0.0001|g:9709:1.12905049:1.13095617:1.12523913,momentum,continuation,support,bearish,9718,9719,2025-04-16 00:00:00+00:00,2025-04-16 01:00:00+00:00,1.1309561729431152,1.131182364177704,1.131182364177704,1.1300682879476402,3.9254,2168.0059,2168.0059,21.6801,108400.297,-21.6801,-0.0002000000000000402,-0.01,-1.0,margin_stop,3.925373134328358
265,GBPJPY=X,short,alexg5|GBPJPY|CHF>USD|bearish|continuation|support|momentum|CHF:+0.0129|CAD:+0.0070|EUR:+0.0067|NZD:+0.0061|g:9741:187.73699951:188.31999969:186.57099915,momentum,continuation,support,bearish,9745,9746,2025-04-17 00:00:00+00:00,2025-04-17 01:00:00+00:00,188.31999969482422,188.35766369476318,188.35766369476318,188.17159229207968,3.9403,2146.3259,2146.3259,21.4633,107316.294,-21.4633,-0.00019999999999995702,-0.01,-1.0,margin_stop,3.940298507462687
266,AUDUSD=X,short,alexg5|AUDUSD|CAD>GBP|bearish|continuation|support|momentum|CAD:+0.0032|EUR:+0.0030|USD:+0.0006|JPY:+0.0005|g:9815:0.63414758:0.63530555:0.63183165,momentum,continuation,support,bearish,9818,9819,2025-04-17 07:00:00+00:00,2025-04-17 08:00:00+00:00,0.6353055536746979,0.6354326147854328,0.6354326147854328,0.634802998535224,3.9552,2124.8626,2124.8626,21.2486,106243.131,-21.2486,-0.00019999999999994575,-0.01,-1.0,margin_stop,3.955223880597015
267,USDCHF=X,short,alexg5|USDCHF|JPY>USD|bearish|continuation|support|momentum|JPY:+0.0028|NZD:+0.0023|CHF:+0.0014|AUD:+0.0013|g:9793:0.80756998:0.80939996:0.80391002,momentum,continuation,support,bearish,9795,9796,2025-04-22 05:00:00+00:00,2025-04-22 06:00:00+00:00,0.8093999624252319,0.809561842417717,0.809561842417717,0.8087572746938733,3.9701,2103.614,2103.614,21.0361,105180.6997,-21.0361,-0.0002000000000000292,-0.01,-1.0,margin_stop,3.970149253731343
268,USDCAD=X,short,alexg5|USDCAD|NZD>USD|bearish|continuation|support|momentum|NZD:+0.0047|AUD:+0.0042|GBP:+0.0009|JPY:+0.0006|g:9881:1.38170004:1.38375008:1.37759995,momentum,continuation,support,bearish,9888,9889,2025-04-22 09:00:00+00:00,2025-04-22 10:00:00+00:00,1.383750081062317,1.3840268310785293,1.3840268310785293,1.3826472115947241,3.9851,2082.5779,2082.5779,20.8258,104128.8927,-20.8258,-0.00019999999999996328,-0.01,-1.0,margin_stop,3.985074626865672
269,USDJPY=X,long,alexg5|USDJPY|USD>CHF|bullish|continuation|resistance|momentum|USD:+0.0082|GBP:+0.0003|EUR:-0.0022|AUD:-0.0043|g:9801:143.01899719:142.73149872:143.59399414,momentum,continuation,resistance,bullish,9810,9811,2025-04-24 01:00:00+00:00,2025-04-24 02:00:00+00:00,142.73149871826172,142.70295241851807,142.70295241851807,142.84568391723633,4.0,2061.7521,2061.7521,20.6175,103087.6038,-20.6175,-0.00020000000000000128,-0.01,-1.0,margin_stop,4.0
270,USDCHF=X,short,alexg5|USDCHF|CHF>USD|bearish|continuation|support|momentum|CHF:+0.0090|JPY:+0.0039|AUD:+0.0028|CAD:+0.0025|g:9920:0.82274002:0.82426503:0.81968999,momentum,continuation,support,bearish,9921,9922,2025-04-29 13:00:00+00:00,2025-04-29 14:00:00+00:00,0.8242650330066681,0.8244298860132694,0.8244298860132694,0.823603160487627,4.0149,2041.1346,2041.1346,20.4113,102056.7278,-20.4113,-0.00019999999999995366,-0.01,-1.0,margin_stop,4.014925373134329
271,EURUSD=X,long,alexg5|EURUSD|CHF>USD|bullish|continuation|resistance|momentum|CHF:+0.0090|JPY:+0.0039|AUD:+0.0028|CAD:+0.0025|g:9944:1.14155257:1.13638544:1.15754139,momentum,continuation,resistance,bullish,9957,9958,2025-04-30 01:00:00+00:00,2025-04-30 02:00:00+00:00,1.1363854364156722,1.1361581593283892,1.1361581593283892,1.1373013291554699,4.0299,2020.7232,2020.7232,20.2072,101036.1605,-20.2072,-0.0001999999999999656,-0.01,-1.0,margin_stop,4.029850746268656
272,AUDUSD=X,short,alexg5|AUDUSD|CHF>NZD|bearish|continuation|support|momentum|CHF:+0.0068|JPY:+0.0042|CAD:+0.0004|GBP:+0.0001|g:10014:0.63954979:0.64046746:0.63771445,momentum,continuation,support,bearish,10026,10027,2025-04-30 01:00:00+00:00,2025-04-30 02:00:00+00:00,0.6404674649238586,0.6399512672655621,0.6405955584168433,0.6399512672655621,4.0299,2000.516,2020.7232,20.0052,100025.7989,80.6178,0.0008059701492533233,0.04029850746266616,4.029850746266616,take_profit,4.029850746268656
273,EURJPY=X,short,alexg5|EURJPY|JPY>AUD|bearish|continuation|support|momentum|JPY:+0.0025|USD:+0.0017|CAD:-0.0004|GBP:-0.0009|g:9952:161.96000671:162.32000732:161.24000549,momentum,continuation,support,bearish,9966,9967,2025-04-30 06:00:00+00:00,2025-04-30 07:00:00+00:00,162.32000732421875,162.35247132568358,162.35247132568358,162.19015131835943,4.0,2081.1338,2081.1338,20.8113,104056.6893,-20.8113,-0.00019999999999992127,-0.01,-1.0,margin_stop,4.0
274,GBPUSD=X,short,alexg5|GBPUSD|AUD>GBP|bearish|continuation|support|momentum|AUD:+0.0056|CHF:+0.0024|EUR:+0.0020|NZD:+0.0015|g:10014:1.32885075:1.33149779:1.32355666,momentum,continuation,support,bearish,10017,10018,2025-05-02 13:00:00+00:00,2025-05-02 14:00:00+00:00,1.3314977884292603,1.3317640879869461,1.3317640879869461,1.330428674028551,4.0147,2060.3224,2060.3224,20.6032,103016.1224,-20.6032,-0.00020000000000001148,-0.01,-1.0,margin_stop,4.014705882352941
275,NZDUSD=X,long,alexg5|NZDUSD|AUD>USD|bullish|continuation|resistance|momentum|AUD:+0.0112|NZD:+0.0101|JPY:+0.0062|CHF:+0.0032|g:10096:0.59865898:0.59785041:0.60027611,momentum,continuation,resistance,bullish,10101,10102,2025-05-05 14:00:00+00:00,2025-05-05 15:00:00+00:00,0.5978504121303558,0.5977308420479298,0.5977308420479298,0.5983322092271901,4.0294,2039.7192,2039.7192,20.3972,101985.9612,-20.3972,-0.00019999999999992067,-0.01,-1.0,margin_stop,4.029411764705882
276,NZDUSD=X,short,alexg5|NZDUSD|JPY>EUR|bearish|continuation|support|momentum|JPY:+0.0055|AUD:+0.0005|USD:+0.0001|NZD:+0.0000|g:10111:0.59502560:0.59707581:0.59021425,momentum,continuation,support,bearish,10114,10115,2025-05-06 03:00:00+00:00,2025-05-06 04:00:00+00:00,0.5970758123993873,0.5971952275618672,0.5971952275618672,0.5965928834334763,4.0441,2019.322,2019.322,20.1932,100966.1016,-20.1932,-0.00019999999999990205,-0.01,-1.0,margin_stop,4.044117647058823
277,GBPJPY=X,short,alexg5|GBPJPY|JPY>USD|bearish|continuation|support|three_black_crows|JPY:+0.0070|NZD:+0.0064|AUD:+0.0037|CAD:+0.0030|g:10071:190.47799683:190.89847055:189.29400635,three_black_crows,continuation,support,bearish,10076,10077,2025-05-06 22:00:00+00:00,2025-05-06 23:00:00+00:00,190.8984705505371,190.9366502446472,190.9366502446472,190.74350590973722,4.0588,1999.1288,1999.1288,19.9913,99956.4405,-19.9913,-0.00020000000000002874,-0.01,-1.0,margin_stop,4.0588235294117645
278,AUDUSD=X,short,alexg5|AUDUSD|USD>CHF|bearish|continuation|support|momentum|USD:+0.0033|GBP:+0.0019|AUD:-0.0019|EUR:-0.0020|g:10201:0.64016795:0.64139470:0.63771445,momentum,continuation,support,bearish,10205,10206,2025-05-09 13:00:00+00:00,2025-05-09 14:00:00+00:00,0.641394704580307,0.6415229835212231,0.6415229835212231,0.6408721565415755,4.0735,1979.1375,1979.1375,19.7914,98956.8761,-19.7914,-0.0001999999999999806,-0.01,-1.0,margin_stop,4.073529411764706
279,USDCHF=X,short,alexg5|USDCHF|AUD>USD|bearish|continuation|support|momentum|AUD:+0.0167|NZD:+0.0137|CHF:+0.0068|GBP:+0.0046|g:10165:0.83950001:0.84182951:0.82984000,momentum,continuation,support,bearish,10186,10187,2025-05-14 16:00:00+00:00,2025-05-14 17:00:00+00:00,0.8418295069336891,0.8411411875133141,0.8419978728350758,0.8411411875133141,4.0882,1959.3461,1959.3461,19.5935,97967.3074,80.1027,0.0008176470588232408,0.040882352941162034,4.0882352941162035,take_profit,4.088235294117647
280,USDJPY=X,short,alexg5|USDJPY|JPY>AUD|bearish|continuation|support|momentum|JPY:+0.0097|CHF:+0.0026|EUR:-0.0003|USD:-0.0008|g:10170:145.53399658:145.89099121:144.82000732,momentum,continuation,support,bearish,10171,10172,2025-05-15 07:00:00+00:00,2025-05-15 08:00:00+00:00,145.8909912109375,145.9201694091797,145.9201694091797,145.77300980065385,4.0435,2039.4488,2039.4488,20.3945,101972.4414,-20.3945,-0.00020000000000003335,-0.01,-1.0,margin_stop,4.043478260869565
281,GBPUSD=X,short,alexg5|GBPUSD|USD>NZD|bearish|continuation|support|momentum|USD:+0.0050|JPY:+0.0032|EUR:-0.0017|CHF:-0.0023|g:10229:1.32684076:1.32961953:1.32128322,momentum,continuation,support,bearish,10230,10231,2025-05-15 12:00:00+00:00,2025-05-15 13:00:00+00:00,1.3296195268630981,1.3298854507684708,1.3298854507684708,1.3285404153630354,4.058,2019.0543,2019.0543,20.1905,100952.717,-20.1905,-0.00019999999999999386,-0.01,-1.0,margin_stop,4.057971014492753
282,EURUSD=X,short,alexg5|EURUSD|NZD>CHF|bearish|continuation|support|momentum|NZD:+0.0014|CAD:+0.0012|USD:+0.0008|JPY:+0.0006|g:10256:1.11569786:1.11977559:1.10754240,momentum,continuation,support,bearish,10265,10266,2025-05-19 00:00:00+00:00,2025-05-19 01:00:00+00:00,1.1197755932807922,1.1199995483994483,1.1199995483994483,1.1188635441743815,4.0725,1998.8638,1998.8638,19.9886,99943.1898,-19.9886,-0.00019999999999988292,-0.01,-1.0,margin_stop,4.072463768115942
283,EURJPY=X,short,alexg5|EURJPY|JPY>NZD|bearish|continuation|support|momentum|JPY:+0.0071|CHF:+0.0045|USD:+0.0010|CAD:-0.0019|g:10237:162.91400146:163.35891315:161.79200745,momentum,continuation,support,bearish,10278,10279,2025-05-19 09:00:00+00:00,2025-05-19 10:00:00+00:00,163.35891314697267,163.22538499187863,163.39158492960206,163.22538499187863,4.087,1978.8752,1978.8752,19.7888,98943.7579,80.8758,0.0008173913043477869,0.04086956521738935,4.0869565217389345,take_profit,4.086956521739131
284,NZDUSD=X,long,alexg5|NZDUSD|EUR>USD|bullish|continuation|resistance|momentum|EUR:+0.0038|GBP:+0.0034|AUD:+0.0028|CHF:+0.0007|g:10334:0.59143603:0.58992422:0.59445965,momentum,continuation,resistance,bullish,10361,10362,2025-05-20 12:00:00+00:00,2025-05-20 13:00:00+00:00,0.5899242162704468,0.5904012121367455,0.5898062314271927,0.5904012121367455,4.0429,2059.7509,2059.7509,20.5975,102987.5463,83.2728,0.0008085714285714353,0.040428571428571765,4.042857142857176,take_profit,4.042857142857143
285,NZDUSD=X,long,alexg5|NZDUSD|CHF>USD|bullish|continuation|resistance|momentum|CHF:+0.0139|CAD:+0.0049|NZD:+0.0042|EUR:+0.0040|g:10376:0.59499019:0.59396002:0.59705055,momentum,continuation,resistance,bullish,10380,10381,2025-05-21 07:00:00+00:00,2025-05-21 08:00:00+00:00,0.5939600169658661,0.5938412249624729,0.5938412249624729,0.5944351849794387,4.0,2143.0237,2143.0237,21.4302,107151.1857,-21.4302,-0.0001999999999999665,-0.01,-1.0,margin_stop,4.0
286,GBPJPY=X,short,alexg5|GBPJPY|CHF>USD|bearish|continuation|support|momentum|CHF:+0.0146|CAD:+0.0049|JPY:+0.0043|NZD:+0.0037|g:10318:193.11399841:193.49900055:192.34399414,momentum,continuation,support,bearish,10338,10339,2025-05-21 22:00:00+00:00,2025-05-21 23:00:00+00:00,193.4990005493164,193.34365628126974,193.53770034942627,193.34365628126974,4.0141,2121.5935,2121.5935,21.2159,106079.6738,85.1626,0.0008028169014085922,0.04014084507042961,4.014084507042961,take_profit,4.014084507042254
287,EURUSD=X,short,alexg5|EURUSD|JPY>EUR|bearish|continuation|support|momentum|JPY:+0.0063|CAD:+0.0014|AUD:-0.0004|USD:-0.0004|g:10345:1.13058221:1.13478887:1.11856818,momentum,continuation,support,bearish,10368,10369,2025-05-23 07:00:00+00:00,2025-05-23 08:00:00+00:00,1.1347888721227646,1.1338873454076894,1.135015829897189,1.1338873454076894,3.9722,2206.756,2206.756,22.0676,110337.8016,87.6573,0.0007944444444443071,0.039722222222215366,3.972222222221536,take_profit,3.972222222222222
288,GBPJPY=X,short,alexg5|GBPJPY|CHF>AUD|bearish|continuation|support|momentum|CHF:+0.0024|JPY:+0.0014|NZD:+0.0014|GBP:+0.0008|g:10411:193.24400330:193.58000183:192.57200623,momentum,continuation,support,bearish,10415,10416,2025-05-27 04:00:00+00:00,2025-05-27 05:00:00+00:00,193.5800018310547,193.6187178314209,193.6187178314209,193.42778961043686,3.9315,2294.4133,2294.4133,22.9441,114720.6642,-22.9441,-0.00019999999999998215,-0.01,-1.0,margin_stop,3.931506849315068
289,GBPUSD=X,long,alexg5|GBPUSD|GBP>JPY|bullish|bounce|support|rejection|GBP:+0.0025|NZD:+0.0021|EUR:+0.0018|CHF:+0.0006|g:10404:1.35650241:1.35511029:1.35928667,rejection,bounce,support,bullish,10413,10414,2025-05-27 05:00:00+00:00,2025-05-27 06:00:00+00:00,1.3551102876663208,1.3548392656087875,1.3548392656087875,1.3561795253727533,3.9452,2271.4692,2271.4692,22.7147,113573.4576,-22.7147,-0.00020000000000000104,-0.01,-1.0,margin_stop,3.945205479452055
290,NZDUSD=X,long,alexg5|NZDUSD|CHF>USD|bullish|continuation|resistance|momentum|CHF:+0.0121|JPY:+0.0102|NZD:+0.0077|EUR:+0.0036|g:10545:0.59805036:0.59670308:0.60074490,momentum,continuation,resistance,bullish,10547,10548,2025-05-30 07:00:00+00:00,2025-05-30 08:00:00+00:00,0.5967030823230743,0.5965837417066098,0.5965837417066098,0.5971755403800368,3.9589,2248.7545,2248.7545,22.4875,112437.723,-22.4875,-0.0001999999999999238,-0.01,-1.0,margin_stop,3.9589041095890414
291,EURJPY=X,short,alexg5|EURJPY|JPY>AUD|bearish|continuation|support|momentum|JPY:+0.0046|CAD:+0.0017|USD:+0.0012|CHF:+0.0004|g:10497:162.94599915:163.21250153:162.41299438,momentum,continuation,support,bearish,10498,10499,2025-05-30 14:00:00+00:00,2025-05-30 15:00:00+00:00,163.2125015258789,163.24514402618408,163.24514402618408,163.08282583973508,3.9726,2226.2669,2226.2669,22.2627,111313.3458,-22.2627,-0.00019999999999997965,-0.01,-1.0,margin_stop,3.9726027397260273
292,GBPJPY=X,short,alexg5|GBPJPY|CHF>USD|bearish|continuation|support|momentum|CHF:+0.0128|JPY:+0.0074|EUR:+0.0068|AUD:+0.0035|g:10482:194.05400085:194.48000336:193.20199585,momentum,continuation,support,bearish,10497,10498,2025-05-30 14:00:00+00:00,2025-05-30 15:00:00+00:00,194.4800033569336,194.51889935760497,194.51889935760497,194.32548499810213,3.9726,2204.0042,2226.2669,22.04,110200.2123,-22.04,-0.0001999999999999226,-0.01,-1.0,margin_stop,3.9726027397260273
293,EURUSD=X,long,alexg5|EURUSD|CAD>AUD|bullish|bounce|support|bullish_engulfing|CAD:+0.0043|CHF:+0.0035|JPY:+0.0009|EUR:-0.0001|g:10494:1.13571835:1.13539571:1.13636363,bullish_engulfing,bounce,support,bullish,10495,10496,2025-05-30 15:00:00+00:00,2025-05-30 16:00:00+00:00,1.1353957056999207,1.1351686265587806,1.1351686265587806,1.136304022264481,4.0,2181.9642,2181.9642,21.8196,109098.2102,-21.8196,-0.00020000000000006945,-0.01,-1.0,margin_stop,4.0
294,GBPJPY=X,short,alexg5|GBPJPY|NZD>USD|bearish|continuation|support|momentum|NZD:+0.0107|AUD:+0.0101|CAD:+0.0089|CHF:+0.0070|g:10516:193.22799683:193.77022385:191.88800049,momentum,continuation,support,bearish,10531,10532,2025-06-03 01:00:00+00:00,2025-06-03 02:00:00+00:00,193.77022384643556,193.61467679003277,193.80897789120485,193.61467679003277,4.0137,2160.1446,2160.1446,21.6014,108007.2281,86.7017,0.0008027397260275331,0.040136986301376666,4.013698630137666,take_profit,4.013698630136987
295,AUDUSD=X,long,alexg5|AUDUSD|CHF>USD|bullish|bounce|support|rejection|CHF:+0.0033|EUR:+0.0023|NZD:+0.0022|JPY:+0.0010|g:10601:0.64657962:0.64630976:0.64711934,rejection,bounce,support,bullish,10602,10603,2025-06-03 06:00:00+00:00,2025-06-03 07:00:00+00:00,0.6463097631931305,0.6461805012404919,0.6461805012404919,0.6468233174373975,3.973,2246.8463,2246.8463,22.4685,112342.3127,-22.4685,-0.00020000000000000028,-0.01,-1.0,margin_stop,3.972972972972973
296,NZDUSD=X,long,alexg5|NZDUSD|CHF>USD|bullish|bounce|support|rejection|CHF:+0.0033|EUR:+0.0023|NZD:+0.0022|JPY:+0.0010|g:10592:0.60121447:0.60016260:0.60331821,rejection,bounce,support,bullish,10593,10594,2025-06-03 06:00:00+00:00,2025-06-03 07:00:00+00:00,0.6001625955104828,0.6000425629913807,0.6000425629913807,0.6006394814647532,3.973,2224.3778,2246.8463,22.2438,111218.8896,-22.2438,-0.00019999999999998372,-0.01,-1.0,margin_stop,3.972972972972973
297,NZDUSD=X,short,alexg5|NZDUSD|GBP>CHF|bearish|continuation|support|momentum|GBP:+0.0039|USD:+0.0038|CAD:+0.0008|EUR:-0.0018|g:10615:0.59980810:0.60141695:0.59424764,momentum,continuation,support,bearish,10618,10619,2025-06-04 07:00:00+00:00,2025-06-04 08:00:00+00:00,0.6014169520139694,0.6015372354043722,0.6015372354043722,0.6009358184523581,4.0,2202.134,2202.134,22.0213,110106.7007,-22.0213,-0.0002000000000000434,-0.01,-1.0,margin_stop,4.0
298,NZDUSD=X,long,alexg5|NZDUSD|CHF>USD|bullish|continuation|resistance|momentum|CHF:+0.0083|AUD:+0.0067|JPY:+0.0063|NZD:+0.0063|g:10627:0.60390121:0.60304174:0.60562015,momentum,continuation,resistance,bullish,10631,10632,2025-06-04 20:00:00+00:00,2025-06-04 21:00:00+00:00,0.6030417382717133,0.6029211299240589,0.6029211299240589,0.6035258015048666,4.0135,2180.1127,2180.1127,21.8011,109005.6337,-21.8011,-0.0002000000000000483,-0.01,-1.0,margin_stop,4.013513513513513
299,USDCHF=X,long,alexg5|USDCHF|AUD>JPY|bullish|bounce|support|rejection|AUD:+0.0025|USD:+0.0013|GBP:+0.0009|NZD:+0.0003|g:10599:0.82119000:0.82013500:0.82330000,rejection,bounce,support,bullish,10602,10603,2025-06-09 06:00:00+00:00,2025-06-09 07:00:00+00:00,0.8201349973678589,0.8199709703683853,0.8199709703683853,0.8207955385279012,4.027,2158.3115,2158.3115,21.5831,107915.5774,-21.5831,-0.00020000000000003292,-0.01,-1.0,margin_stop,4.027027027027027
300,GBPJPY=X,long,alexg5|GBPJPY|USD>JPY|bullish|continuation|resistance|momentum|USD:+0.0042|EUR:+0.0011|GBP:+0.0008|CAD:-0.0019|g:10614:195.76300049:195.49500275:196.29899597,momentum,continuation,resistance,bullish,10632,10633,2025-06-09 07:00:00+00:00,2025-06-09 08:00:00+00:00,195.49500274658203,195.45590374603273,195.45590374603273,195.6529838433961,4.0405,2136.7284,2136.7284,21.3673,106836.4216,-21.3673,-0.00019999999999991346,-0.01,-1.0,margin_stop,4.04054054054054
301,NZDUSD=X,long,alexg5|NZDUSD|NZD>USD|bullish|continuation|resistance|momentum|NZD:+0.0071|AUD:+0.0061|CHF:+0.0034|JPY:+0.0018|g:10697:0.60576689:0.60458806:0.60812455,momentum,continuation,resistance,bullish,10703,10704,2025-06-09 21:00:00+00:00,2025-06-09 22:00:00+00:00,0.6045880615711212,0.6050782681075304,0.604467143958807,0.6050782681075304,4.0541,2115.3611,2115.3611,21.1536,105768.0574,85.7579,0.0008108108108110931,0.040540540540554657,4.054054054055466,take_profit,4.054054054054054
302,EURGBP=X,short,alexg5|EURGBP|AUD>CHF|bearish|continuation|support|momentum|AUD:+0.0015|NZD:+0.0013|USD:+0.0010|GBP:+0.0002|g:10654:0.84196001:0.84315197:0.83819997,momentum,continuation,support,bearish,10658,10659,2025-06-10 06:00:00+00:00,2025-06-10 07:00:00+00:00,0.843151971399784,0.843320601794064,0.843320601794064,0.8424752014174072,4.0133,2201.119,2201.119,22.0112,110055.9516,-22.0112,-0.00019999999999998597,-0.01,-1.0,margin_stop,4.013333333333334
303,AUDUSD=X,short,alexg5|AUDUSD|CHF>AUD|bearish|continuation|support|momentum|CHF:+0.0092|EUR:+0.0050|JPY:+0.0040|CAD:+0.0006|g:10770:0.64838648:0.64989498:0.64536947,momentum,continuation,support,bearish,10771,10772,2025-06-12 08:00:00+00:00,2025-06-12 09:00:00+00:00,0.6498949825763702,0.6500249615728855,0.6500249615728855,0.6493716004837355,4.0267,2179.1078,2179.1078,21.7911,108955.3921,-21.7911,-0.00019999999999993878,-0.01,-1.0,margin_stop,4.026666666666666
304,GBPUSD=X,short,alexg5|GBPUSD|NZD>JPY|bearish|continuation|support|momentum|NZD:+0.0032|AUD:+0.0019|USD:+0.0010|CAD:+0.0006|g:10774:1.35435295:1.35610926:1.35084033,momentum,continuation,support,bearish,10775,10776,2025-06-17 10:00:00+00:00,2025-06-17 11:00:00+00:00,1.3561092615127563,1.3563804833650588,1.3563804833650588,1.3550135252294544,4.04,2157.3168,2157.3168,21.5732,107865.8382,-21.5732,-0.0001999999999999172,-0.01,-1.0,margin_stop,4.04
305,USDCAD=X,long,alexg5|USDCAD|USD>NZD|bullish|bounce|support|bullish_engulfing|USD:+0.0052|JPY:+0.0047|EUR:-0.0036|CHF:-0.0039|g:10867:1.36642003:1.36447507:1.37030995,bullish_engulfing,bounce,support,bullish,10868,10869,2025-06-18 14:00:00+00:00,2025-06-18 15:00:00+00:00,1.3644750714302063,1.3655812058881125,1.3642021764159202,1.3655812058881125,4.0533,2135.7436,2135.7436,21.3574,106787.1798,86.5688,0.0008106666666667447,0.040533333333337244,4.0533333333337245,take_profit,4.053333333333334
306,EURJPY=X,short,alexg5|EURJPY|USD>NZD|bearish|continuation|support|momentum|USD:+0.0065|JPY:+0.0041|EUR:-0.0032|CHF:-0.0058|g:10803:166.44799805:166.97545374:165.37199402,momentum,continuation,support,bearish,10827,10828,2025-06-19 10:00:00+00:00,2025-06-19 11:00:00+00:00,166.97545373535155,167.0088488260986,167.0088488260986,166.8414339632745,4.0132,2222.3124,2222.3124,22.2231,111115.6201,-22.2231,-0.00019999999999996044,-0.01,-1.0,margin_stop,4.013157894736842
307,EURGBP=X,short,alexg5|EURGBP|USD>NZD|bearish|continuation|support|momentum|USD:+0.0035|GBP:+0.0024|CHF:-0.0002|EUR:-0.0003|g:10830:0.85374999:0.85590500:0.84943998,momentum,continuation,support,bearish,10859,10860,2025-06-20 16:00:00+00:00,2025-06-20 17:00:00+00:00,0.8559049963951111,0.8560761773943901,0.8560761773943901,0.855215767634856,4.0263,2200.0893,2200.0893,22.0009,110004.4639,-22.0009,-0.00020000000000002243,-0.01,-1.0,margin_stop,4.026315789473684
308,GBPJPY=X,long,alexg5|GBPJPY|NZD>USD|bullish|bounce|support|rejection|NZD:+0.0159|AUD:+0.0142|CHF:+0.0077|GBP:+0.0046|g:10891:197.25599670:196.96674547:198.19599915,rejection,bounce,support,bullish,10894,10895,2025-06-24 07:00:00+00:00,2025-06-24 08:00:00+00:00,196.96674546813964,197.1258738651362,196.92735211904602,197.1258738651362,4.0395,2178.0884,2178.0884,21.7809,108904.4193,87.9833,0.0008078947368418517,0.04039473684209259,4.039473684209258,take_profit,4.0394736842105265
309,GBPJPY=X,short,alexg5|GBPJPY|CHF>USD|bearish|continuation|support|momentum|CHF:+0.0085|JPY:+0.0058|NZD:+0.0056|AUD:+0.0048|g:10908:197.07600403:197.46450806:196.29899597,momentum,continuation,support,bearish,10911,10912,2025-06-25 00:00:00+00:00,2025-06-25 01:00:00+00:00,197.46450805664062,197.30653645019538,197.50400095825194,197.30653645019538,4.0,2266.0717,2266.0717,22.6607,113303.5847,90.6429,0.0007999999999996536,0.03999999999998268,3.999999999998268,take_profit,4.0
310,GBPUSD=X,short,alexg5|GBPUSD|USD>CAD|bearish|continuation|support|momentum|USD:+0.0043|EUR:+0.0009|CHF:-0.0011|JPY:-0.0016|g:10973:1.36924410:1.37254704:1.35587704,momentum,continuation,support,bearish,10978,10979,2025-06-29 23:00:00+00:00,2025-06-30 00:00:00+00:00,1.3725470366477965,1.3714595570726065,1.372821546055126,1.3714595570726065,3.9615,2356.7146,2356.7146,23.5671,117835.728,93.3622,0.0007923076923076102,0.039615384615380514,3.9615384615380513,take_profit,3.9615384615384617
311,AUDUSD=X,short,alexg5|AUDUSD|JPY>GBP|bearish|continuation|support|momentum|JPY:+0.0017|EUR:+0.0014|USD:+0.0012|CHF:+0.0008|g:11055:0.65357769:0.65548024:0.64977258,momentum,continuation,support,bearish,11062,11063,2025-06-30 14:00:00+00:00,2025-06-30 15:00:00+00:00,0.6554802358150482,0.6556113318622112,0.6556113318622112,0.654965808288206,3.9241,2450.0767,2450.0767,24.5008,122503.8357,-24.5008,-0.00019999999999997453,-0.01,-1.0,margin_stop,3.9240506329113924
312,EURJPY=X,short,alexg5|EURJPY|CHF>USD|bearish|continuation|support|momentum|CHF:+0.0112|NZD:+0.0084|AUD:+0.0082|JPY:+0.0073|g:11018:168.62600708:168.92350769:168.03100586,momentum,continuation,support,bearish,11020,11021,2025-07-01 13:00:00+00:00,2025-07-01 14:00:00+00:00,168.9235076904297,168.95729239196777,168.95729239196777,168.79050715652662,3.9367,2425.5759,2425.5759,24.2558,121278.7974,-24.2558,-0.0001999999999999747,-0.01,-1.0,margin_stop,3.9367088607594933
313,EURUSD=X,short,alexg5|EURUSD|USD>NZD|bearish|continuation|support|momentum|USD:+0.0065|EUR:+0.0001|GBP:-0.0016|CAD:-0.0029|g:11038:1.17522621:1.17811239:1.16945386,momentum,continuation,support,bearish,11039,11040,2025-07-02 12:00:00+00:00,2025-07-02 13:00:00+00:00,1.1781123876571655,1.1771818279990665,1.178348010134697,1.1771818279990665,3.9494,2401.3202,2401.3202,24.0132,120066.0094,94.8369,0.0007898734177217298,0.03949367088608649,3.949367088608649,take_profit,3.949367088607595
314,USDJPY=X,long,alexg5|USDJPY|CAD>GBP|bullish|bounce|support|rejection|CAD:+0.0037|EUR:+0.0029|USD:+0.0022|JPY:+0.0010|g:10996:143.83500671:143.78550720:143.93400574,rejection,bounce,support,bullish,10997,10998,2025-07-03 05:00:00+00:00,2025-07-03 06:00:00+00:00,143.78550720214844,143.75675010070802,143.75675010070802,143.89801936153407,3.9125,2496.1571,2496.1571,24.9616,124807.8569,-24.9616,-0.00019999999999992788,-0.01,-1.0,margin_stop,3.9125
315,USDCHF=X,short,alexg5|USDCHF|CAD>GBP|bearish|continuation|support|momentum|CAD:+0.0044|EUR:+0.0036|CHF:+0.0025|JPY:+0.0015|g:11030:0.79018998:0.79169497:0.78718001,momentum,continuation,support,bearish,11032,11033,2025-07-03 08:00:00+00:00,2025-07-03 09:00:00+00:00,0.7916949689388275,0.7918533079326152,0.7918533079326152,0.7910734883882108,3.925,2471.1956,2471.1956,24.712,123559.7783,-24.712,-0.00019999999999991585,-0.01,-1.0,margin_stop,3.925
316,EURUSD=X,short,alexg5|EURUSD|GBP>JPY|bearish|continuation|support|momentum|GBP:+0.0068|CAD:+0.0040|USD:+0.0008|EUR:-0.0000|g:11065:1.17564070:1.17873412:1.16945386,momentum,continuation,support,bearish,11080,11082,2025-07-04 05:00:00+00:00,2025-07-04 07:00:00+00:00,1.1787341237068176,1.1778058705843986,1.178969870531559,1.1778058705843986,3.9375,2446.4836,2446.4836,24.4648,122324.1805,96.3303,0.0007874999999999541,0.03937499999999771,3.937499999999771,take_profit,3.9375
317,GBPUSD=X,long,alexg5|GBPUSD|JPY>USD|bullish|continuation|resistance|momentum|JPY:+0.0055|CHF:+0.0048|AUD:+0.0026|NZD:+0.0025|g:11170:1.36109972:1.35840610:1.36677372,momentum,continuation,resistance,bullish,11181,11182,2025-07-10 11:00:00+00:00,2025-07-10 12:00:00+00:00,1.3584060988426208,1.3581344176228523,1.3581344176228523,1.3594659910086313,3.9012,2542.8139,2542.8139,25.4281,127140.6951,-25.4281,-0.00019999999999998575,-0.01,-1.0,margin_stop,3.901234567901235
318,GBPUSD=X,long,alexg5|GBPUSD|AUD>CHF|bullish|bounce|support|rejection|AUD:+0.0076|NZD:+0.0055|CAD:+0.0021|JPY:+0.0013|g:11191:1.35790229:1.35696983:1.35976720,rejection,bounce,support,bullish,11194,11195,2025-07-11 00:00:00+00:00,2025-07-11 01:00:00+00:00,1.3569698333740234,1.3566984394073487,1.3566984394073487,1.3580319554411333,3.9136,2517.3858,2517.3858,25.1739,125869.2882,-25.1739,-0.0001999999999999589,-0.01,-1.0,margin_stop,3.91358024691358
319,GBPJPY=X,short,alexg5|GBPJPY|USD>GBP|bearish|continuation|support|momentum|USD:+0.0027|EUR:+0.0023|JPY:+0.0008|CAD:+0.0006|g:11226:198.15899658:198.70516278:196.91499329,momentum,continuation,support,bearish,11227,11228,2025-07-14 07:00:00+00:00,2025-07-14 08:00:00+00:00,198.70516278076173,198.74490381331788,198.74490381331788,198.54914243072648,3.9259,2492.2119,2492.2119,24.9221,124610.5953,-24.9221,-0.0001999999999999928,-0.01,-1.0,margin_stop,3.925925925925926
320,GBPJPY=X,short,alexg5|GBPJPY|USD>AUD|bearish|continuation|support|momentum|USD:+0.0033|EUR:+0.0012|CAD:-0.0012|CHF:-0.0014|g:11244:198.28399658:198.73328766:196.89700317,momentum,continuation,support,bearish,11251,11252,2025-07-15 07:00:00+00:00,2025-07-15 08:00:00+00:00,198.7332876586914,198.57675452594296,198.77303431622315,198.57675452594296,3.9383,2467.2898,2467.2898,24.6729,123364.4893,97.1686,0.0007876543209876507,0.03938271604938254,3.9382716049382536,take_profit,3.9382716049382718
321,AUDUSD=X,short,alexg5|AUDUSD|USD>JPY|bearish|continuation|support|bearish_engulfing|USD:+0.0014|EUR:+0.0005|NZD:+0.0004|CHF:-0.0007|g:11321:0.65629715:0.65744102:0.65400940,bearish_engulfing,continuation,support,bearish,11322,11323,2025-07-15 12:00:00+00:00,2025-07-15 13:00:00+00:00,0.6574410200119019,0.6569278953133562,0.6575725082159042,0.6569278953133562,3.9024,2564.4584,2564.4584,25.6446,128222.918,100.0764,0.000780487804877779,0.03902439024388895,3.9024390243888947,take_profit,3.9024390243902443
322,EURUSD=X,long,alexg5|EURUSD|EUR>AUD|bullish|bounce|support|bullish_engulfing|EUR:+0.0017|USD:+0.0014|CHF:+0.0003|CAD:-0.0002|g:11243:1.16767859:1.16569483:1.17164612,bullish_engulfing,bounce,support,bullish,11254,11255,2025-07-15 13:00:00+00:00,2025-07-15 14:00:00+00:00,1.1656948328018188,1.1654616938352584,1.1654616938352584,1.1665964907327333,3.8675,2664.5348,2664.5348,26.6453,133226.7392,-26.6453,-0.00020000000000003872,-0.01,-1.0,margin_stop,3.867469879518073
323,USDCHF=X,short,alexg5|USDCHF|NZD>USD|bearish|continuation|support|momentum|NZD:+0.0103|AUD:+0.0097|CHF:+0.0061|CAD:+0.0040|g:11296:0.79966003:0.80169964:0.79522002,momentum,continuation,support,bearish,11303,11304,2025-07-18 19:00:00+00:00,2025-07-18 20:00:00+00:00,0.8016996424794197,0.8010776008291105,0.8018599824079156,0.8010776008291105,3.8795,2637.8894,2637.8894,26.3789,131894.4718,102.3374,0.0007759036144576818,0.03879518072288409,3.879518072288409,take_profit,3.879518072289157
324,EURJPY=X,short,alexg5|EURJPY|NZD>USD|bearish|continuation|support|momentum|NZD:+0.0144|AUD:+0.0105|CAD:+0.0069|CHF:+0.0059|g:11397:171.93299866:172.22049713:171.35800171,momentum,continuation,support,bearish,11403,11404,2025-07-23 15:00:00+00:00,2025-07-23 16:00:00+00:00,172.22049713134766,172.2549412307739,172.2549412307739,172.08805136807766,3.8452,2740.2268,2740.2268,27.4023,137011.3417,-27.4023,-0.0001999999999999023,-0.01,-1.0,margin_stop,3.8452380952380953
325,GBPUSD=X,long,alexg5|GBPUSD|AUD>USD|bullish|continuation|resistance|momentum|AUD:+0.0073|NZD:+0.0071|GBP:+0.0029|CAD:+0.0007|g:11402:1.35797608:1.35628456:1.36135912,momentum,continuation,resistance,bullish,11415,11416,2025-07-24 07:00:00+00:00,2025-07-24 08:00:00+00:00,1.3562845587730408,1.356013301861286,1.356013301861286,1.3573308354326659,3.8571,2712.8246,2712.8246,27.1282,135641.2282,-27.1282,-0.00020000000000004506,-0.01,-1.0,margin_stop,3.857142857142857
326,NZDUSD=X,short,alexg5|NZDUSD|USD>CHF|bearish|continuation|support|momentum|USD:+0.0093|JPY:+0.0003|GBP:+0.0002|CAD:-0.0035|g:11539:0.59648079:0.59768561:0.59407115,momentum,continuation,support,bearish,11541,11542,2025-07-29 02:00:00+00:00,2025-07-29 03:00:00+00:00,0.5976856052875519,0.5972231104739365,0.5978051424086094,0.5972231104739365,3.869,2685.6963,2685.6963,26.857,134284.816,103.9109,0.0007738095238095401,0.038690476190477004,3.8690476190477003,take_profit,3.869047619047619
327,USDCHF=X,long,alexg5|USDCHF|JPY>EUR|bullish|continuation|resistance|momentum|JPY:+0.0023|USD:+0.0014|GBP:+0.0007|NZD:-0.0012|g:11476:0.80546999:0.80423498:0.80794001,momentum,continuation,resistance,bullish,11479,11480,2025-07-30 07:00:00+00:00,2025-07-30 08:00:00+00:00,0.8042349815368652,0.8040741345405579,0.8040741345405579,0.8048518770756441,3.8353,2789.6072,2789.6072,27.8961,139480.3594,-27.8961,-0.00019999999999998654,-0.01,-1.0,margin_stop,3.835294117647059
328,EURGBP=X,long,alexg5|EURGBP|CHF>USD|bullish|continuation|resistance|momentum|CHF:+0.0118|JPY:+0.0099|EUR:+0.0054|AUD:+0.0053|g:11570:0.87098002:0.86886004:0.87522000,momentum,continuation,resistance,bullish,11594,11595,2025-08-04 14:00:00+00:00,2025-08-04 15:00:00+00:00,0.8688600361347198,0.8695285472684046,0.868686264127493,0.8695285472684046,3.8471,2761.7111,2761.7111,27.6171,138085.5558,106.2447,0.0007694117647057457,0.03847058823528728,3.8470588235287284,take_profit,3.8470588235294123
329,USDJPY=X,short,alexg5|USDJPY|NZD>USD|bearish|continuation|support|momentum|NZD:+0.0064|EUR:+0.0063|AUD:+0.0054|CHF:+0.0044|g:11571:147.24000549:147.43000793:146.86000061,momentum,continuation,support,bearish,11572,11573,2025-08-06 14:00:00+00:00,2025-08-06 15:00:00+00:00,147.4300079345703,147.45949393615723,147.45949393615723,147.31754969595974,3.814,2867.9558,2867.9558,28.6796,143397.7884,-28.6796,-0.00020000000000002405,-0.01,-1.0,margin_stop,3.8139534883720927
330,EURGBP=X,long,alexg5|EURGBP|AUD>JPY|bullish|continuation|resistance|momentum|AUD:+0.0059|NZD:+0.0054|EUR:+0.0037|CAD:+0.0028|g:11636:0.87131000:0.86935499:0.87522000,momentum,continuation,resistance,bullish,11663,11664,2025-08-07 11:00:00+00:00,2025-08-07 12:00:00+00:00,0.8693549931049347,0.8691811221063137,0.8691811221063137,0.8700201507624499,3.8256,2839.2762,2839.2762,28.3928,141963.8105,-28.3928,-0.00019999999999999673,-0.01,-1.0,margin_stop,3.8255813953488373
331,NZDUSD=X,short,alexg5|NZDUSD|GBP>NZD|bearish|continuation|support|momentum|GBP:+0.0020|USD:+0.0007|CHF:-0.0002|JPY:-0.0007|g:11760:0.59428298:0.59547826:0.58924043,momentum,continuation,support,bearish,11792,11793,2025-08-12 15:00:00+00:00,2025-08-12 16:00:00+00:00,0.5954782613515854,0.5955973570038557,0.5955973570038557,0.5950212664068273,3.8372,2810.8834,2810.8834,28.1088,140544.1724,-28.1088,-0.00019999999999998277,-0.01,-1.0,margin_stop,3.837209302325581
332,GBPJPY=X,short,alexg5|GBPJPY|JPY>USD|bearish|continuation|support|momentum|JPY:+0.0075|NZD:+0.0071|AUD:+0.0070|CAD:+0.0025|g:11769:198.98500061:199.27600098:198.40299988,momentum,continuation,support,bearish,11780,11781,2025-08-14 12:00:00+00:00,2025-08-14 13:00:00+00:00,199.2760009765625,199.31585617675782,199.31585617675782,199.12260479906655,3.8488,2782.7746,2782.7746,27.8277,139138.7307,-27.8277,-0.00020000000000003354,-0.01,-1.0,margin_stop,3.8488372093023258
333,EURJPY=X,short,alexg5|EURJPY|JPY>USD|bearish|continuation|support|momentum|JPY:+0.0082|NZD:+0.0034|AUD:+0.0030|CHF:+0.0015|g:11773:171.32299805:171.64749908:170.67399597,momentum,continuation,support,bearish,11782,11783,2025-08-14 13:00:00+00:00,2025-08-14 14:00:00+00:00,171.64749908447266,171.68182858428955,171.68182858428955,171.51497124797024,3.8605,2754.9469,2754.9469,27.5495,137747.3434,-27.5495,-0.00019999999999998226,-0.01,-1.0,margin_stop,3.86046511627907
334,EURUSD=X,long,alexg5|EURUSD|EUR>USD|bullish|continuation|resistance|momentum|EUR:+0.0023|AUD:+0.0016|CHF:+0.0015|CAD:-0.0000|g:11801:1.16972744:1.16794324:1.17329586,momentum,continuation,resistance,bullish,11820,11821,2025-08-18 08:00:00+00:00,2025-08-18 09:00:00+00:00,1.1679432392120361,1.1677096505641937,1.1677096505641937,1.1688477161856585,3.8721,2727.3974,2727.3974,27.274,136369.8699,-27.274,-0.0001999999999999918,-0.01,-1.0,margin_stop,3.8720930232558137
335,USDJPY=X,short,alexg5|USDJPY|JPY>NZD|bearish|bounce|resistance|rejection|JPY:+0.0015|USD:+0.0013|CAD:-0.0004|GBP:-0.0007|g:11902:147.49600220:147.70050049:147.08700562,rejection,bounce,resistance,bearish,11914,11915,2025-08-27 02:00:00+00:00,2025-08-27 03:00:00+00:00,147.70050048828125,147.7300405883789,147.7300405883789,147.58577498325084,3.8837,2700.1234,2700.1234,27.0012,135006.1712,-27.0012,-0.00019999999999994612,-0.01,-1.0,margin_stop,3.8837209302325584
336,NZDUSD=X,long,alexg5|NZDUSD|NZD>USD|bullish|continuation|resistance|momentum|NZD:+0.0064|AUD:+0.0056|CAD:+0.0054|CHF:+0.0026|g:12078:0.58858150:0.58709361:0.59304947,momentum,continuation,resistance,bullish,12141,12142,2025-09-02 07:00:00+00:00,2025-09-02 08:00:00+00:00,0.5870936060547829,0.5869761873335719,0.5869761873335719,0.5875509929339187,3.8953,2673.1222,2673.1222,26.7312,133656.1095,-26.7312,-0.00020000000000000597,-0.01,-1.0,margin_stop,3.8953488372093026
337,GBPJPY=X,long,alexg5|GBPJPY|AUD>USD|bullish|bounce|support|bullish_engulfing|AUD:+0.0050|NZD:+0.0046|GBP:+0.0026|JPY:+0.0025|g:12125:198.97500610:198.93501282:199.05499268,bullish_engulfing,bounce,support,bullish,12126,12127,2025-09-04 01:00:00+00:00,2025-09-04 02:00:00+00:00,198.9350128173828,198.89522581481933,198.89522581481933,199.09045971111922,3.907,2646.391,2646.391,26.4639,132319.5484,-26.4639,-0.00020000000000004687,-0.01,-1.0,margin_stop,3.906976744186047
338,GBPJPY=X,long,alexg5|GBPJPY|AUD>USD|bullish|continuation|resistance|momentum|AUD:+0.0040|NZD:+0.0029|EUR:+0.0025|CHF:+0.0024|g:12158:199.74499512:199.48499298:200.26499939,momentum,continuation,resistance,bullish,12161,12162,2025-09-05 12:00:00+00:00,2025-09-05 13:00:00+00:00,199.48499298095703,199.44509598236084,199.44509598236084,199.6413335452235,3.9186,2619.9271,2619.9271,26.1993,130996.353,-26.1993,-0.0001999999999999991,-0.01,-1.0,margin_stop,3.918604651162791
339,EURJPY=X,long,alexg5|EURJPY|AUD>CHF|bullish|bounce|support|bullish_engulfing|AUD:+0.0019|USD:+0.0005|GBP:+0.0003|NZD:+0.0001|g:12247:172.49099731:172.46549225:172.54200745,bullish_engulfing,bounce,support,bullish,12248,12249,2025-09-11 03:00:00+00:00,2025-09-11 04:00:00+00:00,172.46549224853516,172.43099915008546,172.43099915008546,172.60105814709328,3.9302,2593.7278,2593.7278,25.9373,129686.3894,-25.9373,-0.000199999999999966,-0.01,-1.0,margin_stop,3.9302325581395343
340,EURUSD=X,long,alexg5|EURUSD|AUD>USD|bullish|continuation|resistance|momentum|AUD:+0.0066|NZD:+0.0046|CHF:+0.0039|CAD:+0.0036|g:12275:1.17384672:1.17260396:1.17633224,momentum,continuation,resistance,bullish,12276,12277,2025-09-12 11:00:00+00:00,2025-09-12 12:00:00+00:00,1.172603964805603,1.172369444012642,1.172369444012642,1.1735284130476238,3.9419,2567.7905,2567.7905,25.6779,128389.5255,-25.6779,-0.00019999999999993637,-0.01,-1.0,margin_stop,3.9418604651162785
341,EURUSD=X,short,alexg5|EURUSD|USD>CHF|bearish|continuation|support|momentum|USD:+0.0074|JPY:+0.0007|EUR:-0.0022|CAD:-0.0028|g:12392:1.17398453:1.17563379:1.17068601,momentum,continuation,support,bearish,12394,12395,2025-09-19 13:00:00+00:00,2025-09-19 14:00:00+00:00,1.1756337881088257,1.1758689148664474,1.1758689148664474,1.1747042172066002,3.9535,2542.1126,2542.1126,25.4211,127105.6303,-25.4211,-0.00019999999999995951,-0.01,-1.0,margin_stop,3.9534883720930236
342,USDCHF=X,short,alexg5|USDCHF|AUD>USD|bearish|continuation|support|momentum|AUD:+0.0066|JPY:+0.0042|NZD:+0.0033|CHF:+0.0030|g:12528:0.79464000:0.79596001:0.79200000,momentum,continuation,support,bearish,12530,12531,2025-09-30 18:00:00+00:00,2025-09-30 19:00:00+00:00,0.795960009098053,0.7961192010998726,0.7961192010998726,0.7953287943001405,3.9651,2516.6915,2516.6915,25.1669,125834.574,-25.1669,-0.0001999999999999549,-0.01,-1.0,margin_stop,3.9651162790697674
343,NZDUSD=X,long,alexg5|NZDUSD|GBP>JPY|bullish|continuation|resistance|momentum|GBP:+0.0059|EUR:+0.0053|NZD:+0.0023|USD:+0.0017|g:12705:0.58353269:0.58199727:0.58730251,momentum,continuation,resistance,bullish,12712,12713,2025-10-06 08:00:00+00:00,2025-10-06 09:00:00+00:00,0.5819972721338272,0.5818808726794005,0.5818808726794005,0.5824601629874778,3.9767,2491.5246,2491.5246,24.9152,124576.2282,-24.9152,-0.00019999999999999621,-0.01,-1.0,margin_stop,3.976744186046512
344,GBPUSD=X,short,alexg5|GBPUSD|USD>NZD|bearish|continuation|support|momentum|USD:+0.0076|GBP:+0.0009|EUR:+0.0005|CAD:-0.0009|g:12692:1.33978212:1.34255290:1.33424056,momentum,continuation,support,bearish,12699,12700,2025-10-08 08:00:00+00:00,2025-10-08 09:00:00+00:00,1.342552900314331,1.341481980210127,1.3428214108943939,1.341481980210127,3.9884,2466.6093,2466.6093,24.6661,123330.4659,98.3776,0.0007976744186045341,0.039883720930226706,3.9883720930226705,take_profit,3.9883720930232553
345,EURJPY=X,short,alexg5|EURJPY|JPY>AUD|bearish|continuation|support|momentum|JPY:+0.0095|CHF:+0.0084|CAD:+0.0008|EUR:-0.0004|g:12764:175.69000244:176.08800507:174.89399719,momentum,continuation,support,bearish,12766,12767,2025-10-12 23:00:00+00:00,2025-10-13 00:00:00+00:00,176.08800506591797,176.12322266693116,176.12322266693116,175.9487538619118,3.954,2564.9869,2564.9869,25.6499,128249.3438,-25.6499,-0.00020000000000001963,-0.01,-1.0,margin_stop,3.954022988505747
346,GBPJPY=X,short,alexg5|GBPJPY|JPY>AUD|bearish|continuation|support|momentum|JPY:+0.0095|CHF:+0.0084|CAD:+0.0008|EUR:-0.0004|g:12761:201.83000183:202.12700653:201.23599243,momentum,continuation,support,bearish,12763,12764,2025-10-12 23:00:00+00:00,2025-10-13 00:00:00+00:00,202.12700653076172,202.16743193206787,202.16743193206787,201.96716356467763,3.954,2539.337,2564.9869,25.3934,126966.8504,-25.3934,-0.0001999999999999973,-0.01,-1.0,margin_stop,3.954022988505747
347,EURGBP=X,short,alexg5|EURGBP|GBP>AUD|bearish|continuation|support|momentum|GBP:+0.0033|USD:+0.0011|JPY:+0.0006|CHF:+0.0004|g:12783:0.86748999:0.86846000:0.86554998,momentum,continuation,support,bearish,12786,12787,2025-10-13 17:00:00+00:00,2025-10-13 18:00:00+00:00,0.8684599995613098,0.8677692244811991,0.868633691561222,0.8677692244811991,3.977,2513.9436,2513.9436,25.1394,125697.1819,99.9798,0.0007954022988504518,0.03977011494252259,3.977011494252259,take_profit,3.9770114942528734
348,GBPJPY=X,long,alexg5|GBPJPY|AUD>CAD|bullish|continuation|resistance|momentum|AUD:+0.0020|GBP:+0.0016|USD:+0.0016|JPY:-0.0015|g:12787:203.25500488:202.80574768:204.47399902,momentum,continuation,resistance,bullish,12792,12793,2025-10-14 04:00:00+00:00,2025-10-14 05:00:00+00:00,202.80574768066407,202.76518653112794,202.76518653112794,202.9656876680395,3.9432,2613.9235,2613.9235,26.1392,130696.1733,-26.1392,-0.00019999999999999266,-0.01,-1.0,margin_stop,3.943181818181818
349,EURJPY=X,short,alexg5|EURJPY|USD>AUD|bearish|continuation|support|momentum|USD:+0.0030|JPY:+0.0021|GBP:-0.0000|CHF:-0.0010|g:12796:175.75199890:176.18099976:174.89399719,momentum,continuation,support,bearish,12805,12806,2025-10-14 14:00:00+00:00,2025-10-14 15:00:00+00:00,176.18099975585938,176.04165660150707,176.21623595581053,176.04165660150707,3.9545,2587.7842,2587.7842,25.8778,129389.2115,102.3351,0.0007909090909087622,0.03954545454543811,3.954545454543811,take_profit,3.954545454545454
350,AUDUSD=X,short,alexg5|AUDUSD|JPY>GBP|bearish|bounce|resistance|rejection|JPY:+0.0041|CHF:+0.0036|EUR:+0.0019|CAD:-0.0002|g:12879:0.64935064:0.65031755:0.64741683,rejection,bounce,resistance,bearish,12881,12882,2025-10-15 01:00:00+00:00,2025-10-15 02:00:00+00:00,0.6503175497055054,0.6504476132154464,0.6504476132154464,0.6498075253800062,3.9213,2690.1193,2690.1193,26.9012,134505.9667,-26.9012,-0.0001999999999999175,-0.01,-1.0,margin_stop,3.9213483146067416
351,EURJPY=X,short,alexg5|EURJPY|JPY>GBP|bearish|continuation|support|momentum|JPY:+0.0072|CHF:+0.0050|EUR:+0.0012|CAD:+0.0007|g:12817:175.56700134:175.90350342:174.89399719,momentum,continuation,support,bearish,12822,12823,2025-10-15 07:00:00+00:00,2025-10-15 08:00:00+00:00,175.90350341796875,175.93868411865233,175.93868411865233,175.76515234786478,3.9326,2663.2181,2663.2181,26.6322,133160.907,-26.6322,-0.00019999999999993718,-0.01,-1.0,margin_stop,3.9325842696629216
352,NZDUSD=X,long,alexg5|NZDUSD|JPY>AUD|bullish|bounce|support|rejection|JPY:+0.0033|CHF:+0.0029|NZD:+0.0017|EUR:+0.0006|g:12911:0.57326299:0.57206602:0.57597053,rejection,bounce,support,bullish,12913,12914,2025-10-16 18:00:00+00:00,2025-10-16 19:00:00+00:00,0.5720660235285759,0.5725172486392693,0.5719516103238702,0.5725172486392693,3.9438,2636.586,2636.586,26.3659,131829.298,103.9822,0.0007887640449439465,0.039438202247197324,3.9438202247197327,take_profit,3.9438202247191008
353,AUDUSD=X,short,alexg5|AUDUSD|CHF>AUD|bearish|continuation|support|momentum|CHF:+0.0095|JPY:+0.0077|EUR:+0.0003|CAD:-0.0011|g:12934:0.64716542:0.64860392:0.64428842,momentum,continuation,support,bearish,12939,12940,2025-10-17 11:00:00+00:00,2025-10-17 12:00:00+00:00,0.6486039161682129,0.6487336369514465,0.6487336369514465,0.648096563771566,3.9111,2740.5682,2740.5682,27.4057,137028.4085,-27.4057,-0.00019999999999991728,-0.01,-1.0,margin_stop,3.911111111111111
354,EURGBP=X,long,alexg5|EURGBP|CAD>GBP|bullish|bounce|support|rejection|CAD:+0.0020|EUR:+0.0013|CHF:+0.0008|JPY:+0.0001|g:12958:0.86938000:0.86872000:0.87070000,rejection,bounce,support,bullish,12966,12967,2025-10-23 06:00:00+00:00,2025-10-23 07:00:00+00:00,0.8687199950218201,0.8685462510228157,0.8685462510228157,0.8694014575956928,3.9222,2713.1625,2713.1625,27.1316,135658.1244,-27.1316,-0.00020000000000002207,-0.01,-1.0,margin_stop,3.922222222222222
355,NZDUSD=X,short,alexg5|NZDUSD|EUR>JPY|bearish|continuation|support|momentum|EUR:+0.0016|USD:+0.0014|CAD:+0.0008|AUD:-0.0005|g:13015:0.57372344:0.57495627:0.57080883,momentum,continuation,support,bearish,13022,13023,2025-10-23 08:00:00+00:00,2025-10-23 09:00:00+00:00,0.5749562669992447,0.5750712582526446,0.5750712582526446,0.5745039680692052,3.9333,2686.0309,2686.0309,26.8603,134301.5432,-26.8603,-0.00020000000000002858,-0.01,-1.0,margin_stop,3.9333333333333336
356,EURUSD=X,short,alexg5|EURUSD|USD>JPY|bearish|continuation|support|momentum|USD:+0.0033|CAD:+0.0009|GBP:+0.0006|EUR:+0.0002|g:12920:1.16130531:1.16372275:1.15647042,momentum,continuation,support,bearish,12988,12989,2025-10-24 12:00:00+00:00,2025-10-24 13:00:00+00:00,1.1637227535247803,1.1639554980754852,1.1639554980754852,1.1628047055747777,3.9444,2659.1706,2659.1706,26.5917,132958.5277,-26.5917,-0.00019999999999993252,-0.01,-1.0,margin_stop,3.9444444444444446
357,GBPUSD=X,short,alexg5|GBPUSD|EUR>JPY|bearish|continuation|support|momentum|EUR:+0.0025|AUD:+0.0023|USD:+0.0016|NZD:-0.0002|g:12969:1.33130980:1.33448488:1.32495964,momentum,continuation,support,bearish,12989,12990,2025-10-24 12:00:00+00:00,2025-10-24 13:00:00+00:00,1.334484875202179,1.3347517721772193,1.3347517721772193,1.333432114911742,3.9444,2632.5788,2659.1706,26.3258,131628.9425,-26.3258,-0.00019999999999993024,-0.01,-1.0,margin_stop,3.9444444444444446
358,EURGBP=X,short,alexg5|EURGBP|AUD>USD|bearish|bounce|resistance|bearish_engulfing|AUD:+0.0043|NZD:+0.0028|CHF:+0.0015|JPY:+0.0013|g:13030:0.87301999:0.87398499:0.87108999,bearish_engulfing,bounce,resistance,bearish,13037,13038,2025-10-28 07:00:00+00:00,2025-10-28 08:00:00+00:00,0.8739849925041199,0.8741597895026206,0.8741597895026206,0.8732916310767336,3.9667,2606.2531,2606.2531,26.0625,130312.653,-26.0625,-0.00019999999999992582,-0.01,-1.0,margin_stop,3.966666666666667
359,GBPUSD=X,long,alexg5|GBPUSD|AUD>USD|bullish|continuation|resistance|momentum|AUD:+0.0043|NZD:+0.0028|CHF:+0.0015|JPY:+0.0013|g:13023:1.33507788:1.33323693:1.33875978,momentum,continuation,resistance,bullish,13031,13032,2025-10-28 08:00:00+00:00,2025-10-28 09:00:00+00:00,1.3332369327545166,1.3329702853679657,1.3329702853679657,1.3342975968032413,3.9778,2580.1905,2580.1905,25.8019,129009.5265,-25.8019,-0.00020000000000000586,-0.01,-1.0,margin_stop,3.9777777777777774
360,GBPJPY=X,short,alexg5|GBPJPY|USD>CHF|bearish|continuation|support|momentum|USD:+0.0026|JPY:+0.0000|EUR:-0.0002|CAD:-0.0003|g:13075:201.13600159:201.36800385:200.67199707,momentum,continuation,support,bearish,13076,13077,2025-10-30 03:00:00+00:00,2025-10-30 04:00:00+00:00,201.36800384521484,201.40827744598388,201.40827744598388,201.20735692659167,3.9889,2554.3886,2554.3886,25.5439,127719.4312,-25.5439,-0.00019999999999998892,-0.01,-1.0,margin_stop,3.988888888888889
361,GBPJPY=X,long,alexg5|GBPJPY|USD>NZD|bullish|continuation|resistance|momentum|USD:+0.0050|GBP:-0.0001|EUR:-0.0005|CAD:-0.0031|g:13100:202.58000183:202.31600189:203.10800171,momentum,continuation,resistance,bullish,13102,13103,2025-10-31 05:00:00+00:00,2025-10-31 06:00:00+00:00,202.31600189208984,202.4778546936035,202.27553869171143,202.4778546936035,4.0,2528.8447,2528.8447,25.2884,126442.2369,101.1538,0.0007999999999998732,0.03999999999999366,3.9999999999993654,take_profit,4.0
362,AUDUSD=X,short,alexg5|AUDUSD|USD>NZD|bearish|continuation|support|momentum|USD:+0.0058|GBP:-0.0010|EUR:-0.0014|JPY:-0.0026|g:13170:0.65427899:0.65583348:0.64859253,momentum,continuation,support,bearish,13193,13194,2025-11-03 05:00:00+00:00,2025-11-03 06:00:00+00:00,0.6558334815502167,0.6559646482465268,0.6559646482465268,0.6553131389417778,3.967,2629.9985,2629.9985,26.3,131499.9264,-26.3,-0.0002000000000000575,-0.01,-1.0,margin_stop,3.967032967032967
363,GBPJPY=X,short,alexg5|GBPJPY|AUD>CHF|bearish|bounce|resistance|bearish_engulfing|AUD:+0.0024|USD:+0.0010|NZD:+0.0007|JPY:+0.0003|g:13127:202.46800232:202.79950714:201.80499268,bearish_engulfing,bounce,resistance,bearish,13137,13138,2025-11-03 17:00:00+00:00,2025-11-03 18:00:00+00:00,202.79950714111328,202.6381589618054,202.8400670425415,202.6381589618054,3.978,2603.6985,2603.6985,26.037,130184.9271,103.5757,0.0007956043956044167,0.03978021978022084,3.978021978022084,take_profit,3.9780219780219777
364,EURGBP=X,short,alexg5|EURGBP|GBP>NZD|bearish|continuation|support|momentum|GBP:+0.0029|USD:+0.0023|JPY:-0.0006|EUR:-0.0021|g:13139:0.87665999:0.87877666:0.87108999,momentum,continuation,support,bearish,13156,13157,2025-11-04 08:00:00+00:00,2025-11-04 09:00:00+00:00,0.8787766643762589,0.8789524197091342,0.8789524197091342,0.8780831949650227,3.9457,2707.2742,2707.2742,27.0727,135363.7121,-27.0727,-0.00020000000000003503,-0.01,-1.0,margin_stop,3.9456521739130435
365,NZDUSD=X,long,alexg5|NZDUSD|AUD>JPY|bullish|continuation|resistance|momentum|AUD:+0.0041|GBP:+0.0022|NZD:+0.0020|EUR:+0.0020|g:13259:0.56673276:0.56472437:0.57461357,momentum,continuation,resistance,bullish,13265,13266,2025-11-06 14:00:00+00:00,2025-11-06 15:00:00+00:00,0.5647243739366531,0.5646114290618658,0.5646114290618658,0.5651712427890724,3.9565,2680.2015,2680.2015,26.802,134010.075,-26.802,-0.00019999999999994908,-0.01,-1.0,margin_stop,3.956521739130435
366,NZDUSD=X,short,alexg5|NZDUSD|USD>AUD|bearish|continuation|support|momentum|USD:+0.0029|GBP:+0.0017|CAD:-0.0008|EUR:-0.0009|g:13435:0.56615525:0.56755862:0.56334853,momentum,continuation,support,bearish,13454,13455,2025-11-18 13:00:00+00:00,2025-11-18 14:00:00+00:00,0.567558616399765,0.5671082709758828,0.5676721281230449,0.5671082709758828,3.9674,2653.3995,2653.3995,26.534,132669.9743,105.2707,0.000793478260869219,0.039673913043460955,3.9673913043460955,take_profit,3.9673913043478257
367,EURJPY=X,short,alexg5|EURJPY|JPY>AUD|bearish|continuation|support|momentum|JPY:+0.0070|USD:+0.0026|CHF:-0.0009|GBP:-0.0030|g:13470:180.44200134:180.86444774:179.13800049,momentum,continuation,support,bearish,13487,13488,2025-11-24 08:00:00+00:00,2025-11-24 09:00:00+00:00,180.86444773864747,180.90062062819518,180.90062062819518,180.72208991526614,3.9355,2758.6702,2758.6702,27.5867,137933.5113,-27.5867,-0.0001999999999999157,-0.01,-1.0,margin_stop,3.935483870967742
368,EURUSD=X,long,alexg5|EURUSD|GBP>CAD|bullish|bounce|support|rejection|GBP:+0.0009|AUD:+0.0008|NZD:+0.0007|EUR:+0.0006|g:13499:1.15313649:1.15247083:1.15446782,rejection,bounce,support,bullish,13500,13501,2025-11-25 03:00:00+00:00,2025-11-25 04:00:00+00:00,1.1524708271026611,1.1522403329372406,1.1522403329372406,1.153380411604912,3.9462,2731.0835,2731.0835,27.3108,136554.1762,-27.3108,-0.0002000000000000034,-0.01,-1.0,margin_stop,3.9462365591397845
369,USDCHF=X,short,alexg5|USDCHF|NZD>USD|bearish|continuation|support|momentum|NZD:+0.0053|JPY:+0.0049|CHF:+0.0048|AUD:+0.0048|g:13562:0.80241001:0.80436501:0.79850000,momentum,continuation,support,bearish,13570,13571,2025-12-01 19:00:00+00:00,2025-12-01 20:00:00+00:00,0.8043650090694427,0.8045258820712566,0.8045258820712566,0.8037284363310824,3.957,2703.7727,2703.7727,27.0377,135188.6344,-27.0377,-0.00019999999999999955,-0.01,-1.0,margin_stop,3.9569892473118276
370,EURJPY=X,short,alexg5|EURJPY|NZD>EUR|bearish|continuation|support|momentum|NZD:+0.0035|AUD:+0.0034|JPY:+0.0033|GBP:+0.0027|g:13680:180.53599548:180.92249298:179.76300049,momentum,continuation,support,bearish,13709,13710,2025-12-05 15:00:00+00:00,2025-12-05 16:00:00+00:00,180.92249298095703,180.77892222846248,180.95867747955322,180.77892222846248,3.9677,2676.735,2676.735,26.7673,133836.7481,106.2059,0.0007935483870967095,0.03967741935483548,3.9677419354835477,take_profit,3.9677419354838714
371,AUDUSD=X,short,alexg5|AUDUSD|CAD>CHF|bearish|continuation|support|momentum|CAD:+0.0038|USD:+0.0013|EUR:+0.0011|GBP:-0.0001|g:13797:0.66326195:0.66455466:0.66067654,momentum,continuation,support,bearish,13811,13812,2025-12-09 04:00:00+00:00,2025-12-09 05:00:00+00:00,0.6645546555519104,0.6646875664830207,0.6646875664830207,0.6640314955039229,3.9362,2782.9409,2782.9409,27.8294,139147.0449,-27.8294,-0.00019999999999993905,-0.01,-1.0,margin_stop,3.936170212765957
372,USDJPY=X,short,alexg5|USDJPY|CHF>AUD|bearish|continuation|support|momentum|CHF:+0.0041|JPY:+0.0025|CAD:+0.0001|GBP:+0.0001|g:13694:156.33599854:156.64599609:155.71600342,momentum,continuation,support,bearish,13697,13698,2025-12-10 19:00:00+00:00,2025-12-10 20:00:00+00:00,156.64599609375,156.52234574364192,156.67732529296876,156.52234574364192,3.9468,2755.1115,2755.1115,27.5511,137755.5744,108.739,0.0007893617021278753,0.03946808510639377,3.9468085106393764,take_profit,3.946808510638298
373,EURJPY=X,short,alexg5|EURJPY|CHF>USD|bearish|continuation|support|momentum|CHF:+0.0111|CAD:+0.0063|NZD:+0.0061|JPY:+0.0049|g:13803:181.90699768:182.39591151:180.75100708,momentum,continuation,support,bearish,13804,13805,2025-12-11 15:00:00+00:00,2025-12-11 16:00:00+00:00,182.39591151428223,182.4323906965851,182.4323906965851,182.25306671621212,3.9158,2863.8505,2863.8505,28.6385,143192.5231,-28.6385,-0.0001999999999999943,-0.01,-1.0,margin_stop,3.9157894736842107
374,GBPJPY=X,short,alexg5|GBPJPY|CHF>USD|bearish|continuation|support|momentum|CHF:+0.0111|CAD:+0.0063|NZD:+0.0061|JPY:+0.0049|g:13801:207.94500732:208.43694891:206.87100220,momentum,continuation,support,bearish,13802,13804,2025-12-11 15:00:00+00:00,2025-12-11 17:00:00+00:00,208.4369489135742,208.2737098714777,208.47863630335692,208.2737098714777,3.9158,2835.212,2863.8505,28.3521,141760.5979,111.0209,0.0007831578947367516,0.03915789473683758,3.915789473683758,take_profit,3.9157894736842107
375,USDJPY=X,short,alexg5|USDJPY|CHF>USD|bearish|continuation|support|momentum|CHF:+0.0096|NZD:+0.0071|CAD:+0.0040|JPY:+0.0036|g:13715:155.27600098:155.58450317:154.65899658,momentum,continuation,support,bearish,13721,13722,2025-12-11 19:00:00+00:00,2025-12-11 20:00:00+00:00,155.58450317382812,155.6156200744629,155.6156200744629,155.46327691510515,3.8958,2946.2329,2946.2329,29.4623,147311.6445,-29.4623,-0.00020000000000003535,-0.01,-1.0,margin_stop,3.895833333333333
376,EURJPY=X,short,alexg5|EURJPY|JPY>NZD|bearish|continuation|support|momentum|JPY:+0.0047|USD:+0.0012|CHF:+0.0002|EUR:-0.0006|g:13861:181.98599243:182.41597952:180.41200256,momentum,continuation,support,bearish,13874,13875,2025-12-16 14:00:00+00:00,2025-12-16 15:00:00+00:00,182.41597952270507,182.27346703870296,182.4524627186096,182.27346703870296,3.9063,2916.7706,2916.7706,29.1677,145838.528,113.9364,0.0007812499999999886,0.03906249999999943,3.9062499999999427,take_profit,3.90625
377,EURJPY=X,short,alexg5|EURJPY|GBP>EUR|bearish|continuation|support|momentum|GBP:+0.0029|JPY:+0.0015|CHF:+0.0014|NZD:+0.0012|g:13884:181.63699341:181.92149353:181.06799316,momentum,continuation,support,bearish,13886,13887,2025-12-17 02:00:00+00:00,2025-12-17 03:00:00+00:00,181.92149353027344,181.9578778289795,181.9578778289795,181.78045748580462,3.8763,3030.7069,3030.7069,30.3071,151535.3455,-30.3071,-0.00019999999999999426,-0.01,-1.0,margin_stop,3.8762886597938144
378,EURGBP=X,long,alexg5|EURGBP|USD>AUD|bullish|bounce|support|bullish_engulfing|USD:+0.0026|EUR:+0.0022|CHF:+0.0000|GBP:-0.0020|g:13909:0.87791002:0.87726504:0.87919998,bullish_engulfing,bounce,support,bullish,13918,13919,2025-12-18 08:00:00+00:00,2025-12-18 09:00:00+00:00,0.8772650361061096,0.8779469514022168,0.8770895830988884,0.8779469514022168,3.8866,3000.3998,3000.3998,30.004,150019.9921,116.6135,0.0007773195876288071,0.03886597938144035,3.8865979381440354,take_profit,3.88659793814433
379,EURUSD=X,short,alexg5|EURUSD|GBP>JPY|bearish|continuation|support|momentum|GBP:+0.0049|USD:+0.0007|CHF:+0.0004|CAD:-0.0005|g:13914:1.17164612:1.17315227:1.16863382,momentum,continuation,support,bearish,13915,13916,2025-12-18 13:00:00+00:00,2025-12-18 14:00:00+00:00,1.1731522679328918,1.1733868983864784,1.1733868983864784,1.1722472647547724,3.8571,3117.0133,3117.0133,31.1701,155850.666,-31.1701,-0.0001999999999999461,-0.01,-1.0,margin_stop,3.857142857142857
380,USDCHF=X,long,alexg5|USDCHF|USD>AUD|bullish|continuation|resistance|bullish_engulfing|USD:+0.0034|EUR:+0.0028|CHF:-0.0004|GBP:-0.0018|g:13861:0.79549998:0.79398452:0.80012000,bullish_engulfing,continuation,resistance,bullish,13873,13874,2025-12-18 13:00:00+00:00,2025-12-18 14:00:00+00:00,0.7939845159649849,0.7938257190617919,0.7938257190617919,0.794597018305872,3.8571,3085.8432,3117.0133,30.8584,154292.1593,-30.8584,-0.00019999999999998044,-0.01,-1.0,margin_stop,3.857142857142857
381,GBPJPY=X,short,alexg5|GBPJPY|NZD>USD|bearish|continuation|support|momentum|NZD:+0.0052|AUD:+0.0047|CHF:+0.0034|JPY:+0.0033|g:13994:210.51899719:211.01551167:207.87300110,momentum,continuation,support,bearish,13998,13999,2025-12-23 21:00:00+00:00,2025-12-23 22:00:00+00:00,211.01551167297364,211.05771477530823,211.05771477530823,210.85186699045178,3.8776,3054.9848,3054.9848,30.5498,152749.2378,-30.5498,-0.00019999999999994135,-0.01,-1.0,margin_stop,3.8775510204081627
382,EURJPY=X,short,alexg5|EURJPY|USD>EUR|bearish|continuation|support|momentum|USD:+0.0010|CAD:+0.0005|JPY:+0.0003|GBP:+0.0002|g:14028:183.34599304:183.68248749:182.67300415,momentum,continuation,support,bearish,14033,14034,2025-12-25 06:00:00+00:00,2025-12-25 07:00:00+00:00,183.68248748779297,183.7192239852905,183.7192239852905,183.53966498221578,3.8878,3024.4349,3024.4349,30.2443,151221.7454,-30.2443,-0.00019999999999991533,-0.01,-1.0,margin_stop,3.887755102040816
383,USDJPY=X,long,alexg5|USDJPY|AUD>JPY|bullish|continuation|resistance|momentum|AUD:+0.0027|EUR:+0.0018|CAD:+0.0017|GBP:+0.0010|g:13970:156.44900513:156.14250946:157.06199646,momentum,continuation,resistance,bullish,13978,13979,2025-12-29 00:00:00+00:00,2025-12-29 01:00:00+00:00,156.14250946044922,156.26423688619184,156.11128095855713,156.26423688619184,3.898,2994.1906,2994.1906,29.9419,149709.5279,116.7123,0.0007795918367345903,0.03897959183672951,3.8979591836729512,take_profit,3.8979591836734695
384,GBPJPY=X,short,alexg5|GBPJPY|JPY>NZD|bearish|continuation|support|momentum|JPY:+0.0011|AUD:+0.0010|USD:+0.0003|EUR:-0.0002|g:14071:210.47300720:211.02047057:207.91200256,momentum,continuation,support,bearish,14074,14075,2025-12-29 10:00:00+00:00,2025-12-29 11:00:00+00:00,211.0204705657959,211.06267465990905,211.06267465990905,210.85719614109556,3.8687,3110.9029,3110.9029,31.109,155545.1442,-31.109,-0.00019999999999993577,-0.01,-1.0,margin_stop,3.8686868686868685
385,AUDUSD=X,short,alexg5|AUDUSD|USD>NZD|bearish|continuation|support|momentum|USD:+0.0035|CAD:+0.0003|EUR:-0.0005|GBP:-0.0008|g:14199:0.66760129:0.66902748:0.66102594,momentum,continuation,support,bearish,14232,14233,2026-01-02 01:00:00+00:00,2026-01-02 02:00:00+00:00,0.6690274769663811,0.6691612824617743,0.6691612824617743,0.6685084738327347,3.8788,3079.7939,3079.7939,30.7979,153989.6928,-30.7979,-0.00019999999999990596,-0.01,-1.0,margin_stop,3.878787878787879
386,NZDUSD=X,long,alexg5|NZDUSD|NZD>CAD|bullish|continuation|resistance|momentum|NZD:+0.0046|AUD:+0.0031|CHF:+0.0004|GBP:+0.0003|g:14235:0.57753390:0.57570454:0.58119261,momentum,continuation,resistance,bullish,14244,14245,2026-01-05 00:00:00+00:00,2026-01-05 01:00:00+00:00,0.5757045447826385,0.5755894038736821,0.5755894038736821,0.576152314984136,3.8889,3048.9959,3048.9959,30.49,152449.7958,-30.49,-0.00019999999999991577,-0.01,-1.0,margin_stop,3.8888888888888893
387,NZDUSD=X,long,alexg5|NZDUSD|NZD>USD|bullish|continuation|resistance|momentum|NZD:+0.0066|GBP:+0.0060|AUD:+0.0052|CHF:+0.0018|g:14269:0.57960933:0.57881770:0.58119261,momentum,continuation,resistance,bullish,14279,14280,2026-01-06 11:00:00+00:00,2026-01-06 12:00:00+00:00,0.5788176953792572,0.5787019318401814,0.5787019318401814,0.5792690562487852,3.899,3018.506,3018.506,30.1851,150925.2979,-30.1851,-0.0001999999999999638,-0.01,-1.0,margin_stop,3.898989898989899
388,GBPJPY=X,long,alexg5|GBPJPY|AUD>CHF|bullish|continuation|resistance|momentum|AUD:+0.0034|USD:+0.0010|EUR:+0.0001|GBP:-0.0005|g:14204:211.68499756:211.45199585:212.15100098,momentum,continuation,resistance,bullish,14206,14207,2026-01-06 19:00:00+00:00,2026-01-06 20:00:00+00:00,211.45199584960938,211.40970545043945,211.40970545043945,211.61731286454636,3.9091,2988.3209,2988.3209,29.8832,149416.0449,-29.8832,-0.00020000000000003183,-0.01,-1.0,margin_stop,3.9090909090909087
389,USDJPY=X,long,alexg5|USDJPY|USD>NZD|bullish|continuation|resistance|momentum|USD:+0.0049|EUR:+0.0005|JPY:-0.0009|CHF:-0.0030|g:14162:156.95500183:156.78350067:157.29800415,momentum,continuation,resistance,bullish,14166,14168,2026-01-08 17:00:00+00:00,2026-01-08 19:00:00+00:00,156.78350067138672,156.90639359716548,156.75214397125245,156.90639359716548,3.9192,2958.4377,2958.4377,29.5844,147921.8845,115.9469,0.000783838383838212,0.039191919191910604,3.91919191919106,take_profit,3.9191919191919196
390,AUDUSD=X,short,alexg5|AUDUSD|EUR>JPY|bearish|continuation|support|bearish_engulfing|EUR:+0.0022|USD:+0.0011|GBP:+0.0008|CHF:+0.0007|g:14377:0.66965783:0.67075294:0.66746759,bearish_engulfing,continuation,support,bearish,14380,14381,2026-01-12 07:00:00+00:00,2026-01-12 08:00:00+00:00,0.6707529425621033,0.6708870931506157,0.6708870931506157,0.67023109677279,3.89,3074.3845,3074.3845,30.7438,153719.227,-30.7438,-0.0001999999999999767,-0.01,-1.0,margin_stop,3.89
391,AUDUSD=X,short,alexg5|AUDUSD|GBP>JPY|bearish|continuation|support|momentum|GBP:+0.0027|USD:+0.0018|EUR:+0.0001|NZD:-0.0002|g:14409:0.67024130:0.67131607:0.66675556,momentum,continuation,support,bearish,14410,14411,2026-01-13 13:00:00+00:00,2026-01-13 14:00:00+00:00,0.6713160743117332,0.6714503375265956,0.6714503375265956,0.6707924477737702,3.9,3043.6407,3043.6407,30.4364,152182.0347,-30.4364,-0.00019999999999995726,-0.01,-1.0,margin_stop,3.9000000000000004
392,GBPUSD=X,short,alexg5|GBPUSD|USD>AUD|bearish|continuation|support|momentum|USD:+0.0035|EUR:+0.0003|GBP:+0.0002|CAD:-0.0005|g:14317:1.34359837:1.34572184:1.33935142,momentum,continuation,support,bearish,14335,14337,2026-01-14 09:00:00+00:00,2026-01-14 11:00:00+00:00,1.3457218408584595,1.3446694863789082,1.3459909852266312,1.3446694863789082,3.91,3013.2043,3013.2043,30.132,150660.2144,117.8163,0.0007820000000000039,0.0391000000000002,3.9100000000000197,take_profit,3.9099999999999997
393,GBPJPY=X,short,alexg5|GBPJPY|JPY>USD|bearish|continuation|support|momentum|JPY:+0.0054|CHF:+0.0022|CAD:+0.0010|NZD:+0.0009|g:14346:212.58700562:213.07759250:210.79699707,momentum,continuation,support,bearish,14351,14352,2026-01-14 21:00:00+00:00,2026-01-14 22:00:00+00:00,213.0775924987793,212.912193654701,213.12020801727905,212.912193654701,3.8812,3131.0206,3131.0206,31.3102,156551.0288,121.5208,0.0007762376237624803,0.038811881188124016,3.881188118812401,take_profit,3.8811881188118815
394,GBPUSD=X,long,alexg5|GBPUSD|CHF>USD|bullish|bounce|support|rejection|CHF:+0.0099|EUR:+0.0061|NZD:+0.0053|AUD:+0.0030|g:14443:1.34457397:1.34213352:1.34945488,rejection,bounce,support,bullish,14454,14455,2026-01-21 09:00:00+00:00,2026-01-21 10:00:00+00:00,1.3421335220336914,1.3418650953292848,1.3418650953292848,1.343167754335964,3.8529,3252.5414,3252.5414,32.5254,162627.0687,-32.5254,-0.0001999999999999211,-0.009999999999999998,-1.0,margin_stop,3.8529411764705883
395,USDCHF=X,long,alexg5|USDCHF|AUD>GBP|bullish|continuation|resistance|momentum|AUD:+0.0030|NZD:+0.0012|USD:+0.0011|JPY:+0.0005|g:14411:0.79281002:0.79059719:0.79794002,momentum,continuation,resistance,bullish,14413,14414,2026-01-21 11:00:00+00:00,2026-01-21 12:00:00+00:00,0.7905971917510033,0.7904390723126531,0.7904390723126531,0.7912079668363953,3.8627,3220.016,3220.016,32.2002,161000.798,-32.2002,-0.00020000000000000118,-0.01,-1.0,margin_stop,3.8627450980392157
396,EURJPY=X,short,alexg5|EURJPY|AUD>CHF|bearish|continuation|support|momentum|AUD:+0.0038|NZD:+0.0020|USD:+0.0010|JPY:+0.0007|g:14474:184.89500427:185.21650696:184.25199890,momentum,continuation,support,bearish,14480,14481,2026-01-22 03:00:00+00:00,2026-01-22 04:00:00+00:00,185.2165069580078,185.25355025939942,185.25355025939942,185.07305495752072,3.8725,3187.8158,3187.8158,31.8782,159390.79,-31.8782,-0.00020000000000002186,-0.01,-1.0,margin_stop,3.872549019607843
397,EURUSD=X,short,alexg5|EURUSD|AUD>CHF|bearish|continuation|support|momentum|AUD:+0.0041|CAD:+0.0023|USD:+0.0009|NZD:+0.0002|g:14458:1.17054892:1.17381895:1.16400886,momentum,continuation,support,bearish,14483,14484,2026-01-22 16:00:00+00:00,2026-01-22 17:00:00+00:00,1.1738189458847046,1.1740537096738815,1.1740537096738815,1.172907509997312,3.8824,3155.9376,3155.9376,31.5594,157796.8821,-31.5594,-0.00019999999999993252,-0.01,-1.0,margin_stop,3.8823529411764706
398,GBPJPY=X,short,alexg5|GBPJPY|CHF>USD|bearish|continuation|support|three_black_crows|CHF:+0.0162|AUD:+0.0119|CAD:+0.0101|NZD:+0.0091|g:14572:210.55700684:211.03450775:209.60200500,three_black_crows,continuation,support,bearish,14583,14584,2026-01-28 15:00:00+00:00,2026-01-28 16:00:00+00:00,211.03450775146484,211.07671465301513,211.07671465301513,210.87023186994068,3.8922,3124.3783,3124.3783,31.2438,156218.9133,-31.2438,-0.00019999999999997198,-0.01,-1.0,margin_stop,3.892156862745098
399,GBPUSD=X,long,alexg5|GBPUSD|AUD>USD|bullish|continuation|resistance|momentum|AUD:+0.0127|NZD:+0.0108|CAD:+0.0058|GBP:+0.0031|g:14591:1.38335550:1.38160008:1.38686633,momentum,continuation,resistance,bullish,14596,14597,2026-01-29 08:00:00+00:00,2026-01-29 09:00:00+00:00,1.3816000819206238,1.3813237619042398,1.3813237619042398,1.3826782717884751,3.902,3093.1345,3093.1345,30.9313,154656.7242,-30.9313,-0.00019999999999991102,-0.01,-1.0,margin_stop,3.9019607843137254
400,USDJPY=X,long,alexg5|USDJPY|AUD>JPY|bullish|bounce|support|rejection|AUD:+0.0094|NZD:+0.0069|GBP:+0.0043|CAD:+0.0035|g:14512:153.31599426:152.99867680:154.04699707,rejection,bounce,support,bullish,14519,14520,2026-01-29 15:00:00+00:00,2026-01-29 16:00:00+00:00,152.99867680358886,152.96807706822815,152.96807706822815,153.11837576838224,3.9118,3062.2031,3062.2031,30.622,153110.1569,-30.622,-0.00019999999999994724,-0.01,-1.0,margin_stop,3.9117647058823533
401,AUDUSD=X,short,alexg5|AUDUSD|JPY>AUD|bearish|continuation|support|momentum|JPY:+0.0053|CHF:+0.0016|CAD:+0.0004|USD:-0.0000|g:14698:0.69808030:0.70157796:0.69108498,momentum,continuation,support,bearish,14699,14700,2026-01-29 16:00:00+00:00,2026-01-29 17:00:00+00:00,0.7015779614448547,0.7017182770371437,0.7017182770371437,0.701027704220192,3.9216,3031.5811,3031.5811,30.3158,151579.0554,-30.3158,-0.00020000000000003798,-0.01,-1.0,margin_stop,3.9215686274509802
402,USDCHF=X,short,alexg5|USDCHF|CHF>USD|bearish|continuation|support|momentum|CHF:+0.0050|CAD:+0.0049|NZD:+0.0029|JPY:+0.0014|g:14565:0.76424998:0.76625496:0.76024002,momentum,continuation,support,bearish,14566,14567,2026-01-29 22:00:00+00:00,2026-01-29 23:00:00+00:00,0.7662549614906311,0.7656524747464002,0.7664082124829292,0.7656524747464002,3.9314,3001.2653,3001.2653,30.0127,150063.2648,117.9909,0.0007862745098039784,0.039313725490198924,3.9313725490198923,take_profit,3.931372549019608
403,EURUSD=X,long,alexg5|EURUSD|CAD>USD|bullish|bounce|support|bullish_engulfing|CAD:+0.0051|CHF:+0.0046|NZD:+0.0043|AUD:+0.0025|g:14606:1.19674480:1.19364965:1.20293510,bullish_engulfing,bounce,support,bullish,14610,14611,2026-01-30 00:00:00+00:00,2026-01-30 01:00:00+00:00,1.1936496496200562,1.1934109196901321,1.1934109196901321,1.1945813916766528,3.9029,3119.2562,3119.2562,31.1926,155962.8108,-31.1926,-0.00020000000000000714,-0.01,-1.0,margin_stop,3.9029126213592233
404,NZDUSD=X,long,alexg5|NZDUSD|CAD>JPY|bullish|continuation|resistance|momentum|CAD:+0.0032|NZD:+0.0022|CHF:+0.0018|EUR:+0.0014|g:14708:0.60745960:0.60647857:0.60942167,momentum,continuation,resistance,bullish,14709,14710,2026-01-30 12:00:00+00:00,2026-01-30 13:00:00+00:00,0.6064785718917847,0.6063572761774063,0.6063572761774063,0.6069531560946436,3.9126,3088.0637,3088.0637,30.8806,154403.1827,-30.8806,-0.00019999999999999765,-0.01,-1.0,margin_stop,3.9126213592233006
405,AUDUSD=X,short,alexg5|AUDUSD|USD>CHF|bearish|bounce|resistance|rejection|USD:+0.0093|GBP:+0.0002|AUD:-0.0007|NZD:-0.0045|g:14739:0.70023108:0.70118460:0.69832402,rejection,bounce,resistance,bearish,14740,14741,2026-02-03 12:00:00+00:00,2026-02-03 13:00:00+00:00,0.7011846005916595,0.7013248375117779,0.7013248375117779,0.7006345450991566,3.9223,3057.183,3057.183,30.5718,152859.1509,-30.5718,-0.00019999999999999822,-0.01,-1.0,margin_stop,3.9223300970873787
406,USDJPY=X,short,alexg5|USDJPY|JPY>GBP|bearish|continuation|support|momentum|JPY:+0.0123|AUD:+0.0045|CAD:+0.0018|NZD:+0.0015|g:14692:153.60800171:154.07550049:152.67300415,momentum,continuation,support,bearish,14703,14704,2026-02-11 13:00:00+00:00,2026-02-11 14:00:00+00:00,154.07550048828125,153.9543343179944,154.1063155883789,153.9543343179944,3.932,3026.6112,3026.6112,30.2661,151330.5594,119.0075,0.0007864077669899043,0.039320388349495215,3.9320388349495214,take_profit,3.9320388349514563
407,NZDUSD=X,short,alexg5|NZDUSD|USD>AUD|bearish|continuation|support|momentum|USD:+0.0049|JPY:+0.0016|EUR:-0.0010|GBP:-0.0026|g:14920:0.60215575:0.60374275:0.59898174,momentum,continuation,support,bearish,14922,14923,2026-02-13 13:00:00+00:00,2026-02-13 14:00:00+00:00,0.6037427484989166,0.6038634970486164,0.6038634970486164,0.6032713647375886,3.9038,3145.6187,3145.6187,31.4562,157280.9357,-31.4562,-0.0002000000000000103,-0.01,-1.0,margin_stop,3.9038461538461537
408,AUDUSD=X,short,alexg5|AUDUSD|USD>AUD|bearish|continuation|support|momentum|USD:+0.0036|GBP:-0.0002|EUR:-0.0005|JPY:-0.0011|g:14929:0.70646411:0.70817021:0.70175439,momentum,continuation,support,bearish,14933,14934,2026-02-13 14:00:00+00:00,2026-02-13 15:00:00+00:00,0.7081702054142952,0.7076159260419808,0.708311839455378,0.7076159260419808,3.9135,3114.1625,3114.1625,31.1416,155708.1264,121.8716,0.0007826923076920219,0.0391346153846011,3.9134615384601097,take_profit,3.9134615384615383
409,AUDUSD=X,short,alexg5|AUDUSD|JPY>GBP|bearish|continuation|support|three_black_crows|JPY:+0.0039|USD:+0.0033|EUR:-0.0002|CHF:-0.0019|g:14979:0.70501971:0.70665237:0.70175439,three_black_crows,continuation,support,bearish,14982,14983,2026-02-17 16:00:00+00:00,2026-02-17 17:00:00+00:00,0.7066523730754852,0.7067937035501003,0.7067937035501003,0.7061032032312667,3.8857,3236.0341,3236.0341,32.3603,161801.704,-32.3603,-0.00019999999999995399,-0.01,-1.0,margin_stop,3.885714285714286
410,USDJPY=X,long,alexg5|USDJPY|USD>NZD|bullish|continuation|resistance|momentum|USD:+0.0060|GBP:+0.0012|EUR:-0.0008|CHF:-0.0031|g:14826:154.73899841:154.35926857:155.63299561,momentum,continuation,resistance,bullish,14827,14828,2026-02-18 19:00:00+00:00,2026-02-18 20:00:00+00:00,154.3592685699463,154.47952179060366,154.3283967162323,154.47952179060366,3.8952,3203.6737,3203.6737,32.0367,160183.687,124.7907,0.0007790476190476977,0.03895238095238488,3.8952380952384886,take_profit,3.895238095238095
411,AUDUSD=X,short,alexg5|AUDUSD|USD>NZD|bearish|continuation|support|momentum|USD:+0.0060|GBP:+0.0012|EUR:-0.0008|CHF:-0.0031|g:15008:0.70541757:0.70724916:0.70175439,momentum,continuation,support,bearish,15016,15017,2026-02-19 02:00:00+00:00,2026-02-19 03:00:00+00:00,0.7072491645812988,0.7067020473030381,0.707390614414215,0.7067020473030381,3.8679,3328.4645,3328.4645,33.2846,166423.223,128.7425,0.0007735849056599941,0.03867924528299971,3.867924528299971,take_profit,3.8679245283018866
412,GBPJPY=X,long,alexg5|GBPJPY|GBP>JPY|bullish|continuation|resistance|momentum|GBP:+0.0024|EUR:+0.0009|USD:+0.0008|AUD:-0.0001|g:14960:209.59599304:209.13449097:210.51899719,momentum,continuation,resistance,bullish,14962,14963,2026-02-20 15:00:00+00:00,2026-02-20 16:00:00+00:00,209.13449096679688,209.0926640686035,209.0926640686035,209.29515316453026,3.8411,3457.207,3457.207,34.5721,172860.3476,-34.5721,-0.00020000000000002023,-0.01,-1.0,margin_stop,3.8411214953271027
413,EURJPY=X,short,alexg5|EURJPY|JPY>USD|bearish|continuation|support|momentum|JPY:+0.0050|CHF:+0.0026|NZD:+0.0013|CAD:+0.0010|g:14989:182.13600159:182.35800171:181.69200134,momentum,continuation,support,bearish,14992,14994,2026-02-23 18:00:00+00:00,2026-02-23 20:00:00+00:00,182.35800170898438,182.39447330932617,182.39447330932617,182.21756900486454,3.8505,3422.6349,3422.6349,34.2263,171131.7441,-34.2263,-0.00020000000000000722,-0.01,-1.0,margin_stop,3.850467289719626
414,NZDUSD=X,long,alexg5|NZDUSD|CHF>GBP|bullish|continuation|resistance|momentum|CHF:+0.0064|CAD:+0.0024|NZD:+0.0018|EUR:+0.0012|g:15171:0.59887409:0.59759545:0.60143137,momentum,continuation,resistance,bullish,15174,15175,2026-03-02 04:00:00+00:00,2026-03-02 05:00:00+00:00,0.5975954532623291,0.5974759341716767,0.5974759341716767,0.5980567746122306,3.8598,3388.4085,3388.4085,33.8841,169420.4267,-33.8841,-0.00019999999999996076,-0.010000000000000002,-1.0,margin_stop,3.8598130841121496
415,GBPJPY=X,short,alexg5|GBPJPY|USD>AUD|bearish|continuation|support|momentum|USD:+0.0046|CHF:+0.0034|CAD:+0.0003|EUR:-0.0016|g:15095:209.92700195:210.62492029:208.07600403,momentum,continuation,support,bearish,15101,15102,2026-03-02 12:00:00+00:00,2026-03-02 13:00:00+00:00,210.62492028808595,210.66704527214355,210.66704527214355,210.46193203201258,3.8692,3354.5244,3354.5244,33.5452,167726.2224,-33.5452,-0.00019999999999995694,-0.009999999999999998,-1.0,margin_stop,3.869158878504673
416,GBPUSD=X,short,alexg5|GBPUSD|USD>CHF|bearish|continuation|support|momentum|USD:+0.0085|GBP:+0.0008|CAD:-0.0028|JPY:-0.0046|g:15100:1.33722019:1.33993608:1.33178842,momentum,continuation,support,bearish,15102,15103,2026-03-02 17:00:00+00:00,2026-03-02 18:00:00+00:00,1.339936077594757,1.340204064810276,1.340204064810276,1.3388966879270903,3.8785,3320.9792,3320.9792,33.2098,166048.9602,-33.2098,-0.0001999999999999658,-0.01,-1.0,margin_stop,3.878504672897196
417,USDJPY=X,long,alexg5|USDJPY|USD>CHF|bullish|bounce|support|rejection|USD:+0.0053|AUD:+0.0015|JPY:+0.0006|GBP:+0.0002|g:15026:157.39199829:157.21149445:157.75300598,rejection,bounce,support,bullish,15027,15028,2026-03-03 06:00:00+00:00,2026-03-03 07:00:00+00:00,157.21149444580078,157.18005214691163,157.18005214691163,157.33373740222962,3.8879,3287.7694,3287.7694,32.8777,164388.4706,-32.8777,-0.00019999999999991322,-0.01,-1.0,margin_stop,3.88785046728972
418,USDCHF=X,long,alexg5|USDCHF|USD>AUD|bullish|continuation|resistance|momentum|USD:+0.0053|JPY:+0.0044|CHF:-0.0010|CAD:-0.0014|g:15091:0.78162998:0.77949836:0.78786999,momentum,continuation,resistance,bullish,15094,15095,2026-03-04 07:00:00+00:00,2026-03-04 08:00:00+00:00,0.7794983640313149,0.7801059356533729,0.7793424643585086,0.7801059356533729,3.8972,3254.8917,3254.8917,32.5489,162744.5859,126.8495,0.0007794392523364387,0.03897196261682193,3.897196261682194,take_profit,3.8971962616822426
419,EURUSD=X,long,alexg5|EURUSD|NZD>USD|bullish|continuation|resistance|momentum|NZD:+0.0074|AUD:+0.0055|CHF:+0.0035|JPY:+0.0030|g:15150:1.16441548:1.16162624:1.18371212,momentum,continuation,resistance,bullish,15158,15159,2026-03-05 03:00:00+00:00,2026-03-05 04:00:00+00:00,1.1616262406110764,1.1613939153629542,1.1613939153629542,1.1625254253676975,3.8704,3381.7412,3381.7412,33.8174,169087.0618,-33.8174,-0.00020000000000000635,-0.01,-1.0,margin_stop,3.8703703703703702
420,NZDUSD=X,long,alexg5|NZDUSD|CHF>USD|bullish|bounce|support|bullish_engulfing|CHF:+0.0057|CAD:+0.0021|NZD:+0.0021|EUR:+0.0013|g:15251:0.59238195:0.59187225:0.59340137,bullish_engulfing,bounce,support,bullish,15252,15253,2026-03-05 10:00:00+00:00,2026-03-05 11:00:00+00:00,0.5918722450733185,0.5923314940931067,0.5917538706243038,0.5923314940931067,3.8796,3347.9238,3347.9238,33.4792,167396.1912,129.887,0.0007759259259256731,0.03879629629628366,3.8796296296283654,take_profit,3.8796296296296293
421,AUDUSD=X,long,alexg5|AUDUSD|NZD>GBP|bullish|bounce|support|rejection|NZD:+0.0030|AUD:+0.0015|CAD:+0.0014|CHF:+0.0014|g:15260:0.70333380:0.70141894:0.70716351,rejection,bounce,support,bullish,15267,15268,2026-03-05 15:00:00+00:00,2026-03-05 16:00:00+00:00,0.701418936252594,0.7012786524653435,0.7012786524653435,0.7019594792860363,3.8532,3477.8109,3477.8109,34.7781,173890.5434,-34.7781,-0.00019999999999998152,-0.01,-1.0,margin_stop,3.8532110091743115
422,EURJPY=X,short,alexg5|EURJPY|USD>AUD|bearish|bounce|resistance|bearish_engulfing|USD:+0.0073|GBP:-0.0005|JPY:-0.0019|EUR:-0.0028|g:15184:182.63299561:182.88149261:182.13600159,bearish_engulfing,bounce,resistance,bearish,15186,15187,2026-03-05 21:00:00+00:00,2026-03-05 22:00:00+00:00,182.8814926147461,182.91806891326902,182.91806891326902,182.74022085623093,3.8624,3443.0328,3443.0328,34.4303,172151.638,-34.4303,-0.0001999999999999003,-0.01,-1.0,margin_stop,3.862385321100918
423,GBPJPY=X,short,alexg5|GBPJPY|USD>AUD|bearish|continuation|support|momentum|USD:+0.0062|JPY:+0.0046|CAD:-0.0007|GBP:-0.0030|g:15137:209.99200439:210.88299615:207.93499756,momentum,continuation,support,bearish,15190,15191,2026-03-06 05:00:00+00:00,2026-03-06 06:00:00+00:00,210.88299615478516,210.9251727540161,210.9251727540161,210.71970693574426,3.8716,3408.6024,3408.6024,34.086,170430.1216,-34.086,-0.00019999999999992753,-0.01,-1.0,margin_stop,3.871559633027523
424,EURUSD=X,short,alexg5|EURUSD|USD>NZD|bearish|continuation|support|momentum|USD:+0.0049|GBP:-0.0004|JPY:-0.0014|EUR:-0.0019|g:15190:1.15660417:1.15813845:1.15353560,momentum,continuation,support,bearish,15192,15193,2026-03-06 13:00:00+00:00,2026-03-06 14:00:00+00:00,1.1581384539604187,1.1572395685181704,1.1583700816512108,1.1572395685181704,3.8807,3374.5164,3374.5164,33.7452,168725.8204,130.956,0.0007761467889908911,0.03880733944954455,3.8807339449544553,take_profit,3.8807339449541285
425,GBPJPY=X,long,alexg5|GBPJPY|CAD>USD|bullish|continuation|resistance|momentum|CAD:+0.0068|GBP:+0.0054|CHF:+0.0054|AUD:+0.0028|g:15201:211.19400024:210.73249817:212.11700439,momentum,continuation,resistance,bullish,15208,15209,2026-03-09 00:00:00+00:00,2026-03-09 01:00:00+00:00,210.7324981689453,210.89495376753374,210.69035166931153,210.89495376753374,3.8545,3505.4724,3505.4724,35.0547,175273.6206,135.12,0.0007709090909090888,0.03854545454545444,3.854545454545444,take_profit,3.8545454545454545
426,EURUSD=X,short,alexg5|EURUSD|AUD>CHF|bearish|continuation|support|momentum|AUD:+0.0045|USD:+0.0028|GBP:+0.0000|EUR:-0.0017|g:15262:1.15848005:1.16095227:1.15353560,momentum,continuation,support,bearish,15264,15265,2026-03-11 14:00:00+00:00,2026-03-11 15:00:00+00:00,1.1609522700309753,1.160063252526898,1.1611844604849815,1.160063252526898,3.8288,3640.5924,3640.5924,36.4059,182029.622,139.3921,0.0007657657657654768,0.038288288288273846,3.8288288288273846,take_profit,3.828828828828829
427,GBPUSD=X,short,alexg5|GBPUSD|AUD>CHF|bearish|continuation|support|momentum|AUD:+0.0045|USD:+0.0028|GBP:+0.0000|EUR:-0.0017|g:15264:1.33999753:1.34410208:1.33178842,momentum,continuation,support,bearish,15266,15267,2026-03-11 14:00:00+00:00,2026-03-11 15:00:00+00:00,1.3441020846366882,1.3430728172745796,1.3443709050536155,1.3430728172745796,3.8288,3604.1865,3640.5924,36.0419,180209.3258,137.9981,0.0007657657657653533,0.03828828828826767,3.828828828826767,take_profit,3.828828828828829
428,USDJPY=X,long,alexg5|USDJPY|USD>CAD|bullish|bounce|support|bullish_engulfing|USD:+0.0019|JPY:+0.0016|NZD:+0.0015|AUD:-0.0008|g:15242:159.34800720:159.18000793:159.68400574,bullish_engulfing,bounce,support,bullish,15245,15246,2026-03-16 11:00:00+00:00,2026-03-16 12:00:00+00:00,159.1800079345703,159.1481719329834,159.1481719329834,159.30030857773505,3.7788,3917.9826,3917.9826,39.1798,195899.1312,-39.1798,-0.00020000000000006598,-0.010000000000000002,-1.0,margin_stop,3.7787610619469025
429,GBPJPY=X,long,alexg5|GBPJPY|AUD>USD|bullish|continuation|resistance|momentum|AUD:+0.0092|GBP:+0.0043|NZD:+0.0035|CHF:+0.0033|g:15360:212.20199585:211.86049652:212.88499451,momentum,continuation,resistance,bullish,15362,15363,2026-03-17 11:00:00+00:00,2026-03-17 12:00:00+00:00,211.8604965209961,212.02098553428988,211.8181244216919,212.02098553428988,3.7876,3878.8028,3878.8028,38.788,193940.1399,146.9139,0.0007575221238938188,0.03787610619469093,3.7876106194690933,take_profit,3.7876106194690267
430,GBPUSD=X,short,alexg5|GBPUSD|USD>AUD|bearish|continuation|support|momentum|USD:+0.0101|EUR:-0.0006|JPY:-0.0013|CAD:-0.0018|g:15449:1.32699203:1.32946211:1.32205188,momentum,continuation,support,bearish,15451,15452,2026-03-23 11:00:00+00:00,2026-03-23 12:00:00+00:00,1.3294621109962463,1.3297280034184455,1.3297280034184455,1.3284615158284967,3.7632,4025.7167,4025.7167,40.2572,201285.8373,-40.2572,-0.00019999999999997033,-0.01,-1.0,margin_stop,3.763157894736842
431,EURJPY=X,short,alexg5|EURJPY|NZD>USD|bearish|bounce|resistance|bearish_engulfing|NZD:+0.0036|GBP:+0.0029|JPY:+0.0025|CHF:+0.0010|g:15474:183.75599670:184.02799225:183.21200562,bearish_engulfing,bounce,resistance,bearish,15481,15482,2026-03-24 07:00:00+00:00,2026-03-24 08:00:00+00:00,184.02799224853516,183.88916411403196,184.06479784698485,183.88916411403196,3.7719,3985.4596,3985.4596,39.8546,199272.9789,150.3287,0.0007543859649118403,0.03771929824559202,3.771929824559202,take_profit,3.7719298245614037
432,GBPUSD=X,short,alexg5|GBPUSD|USD>CHF|bearish|continuation|support|momentum|USD:+0.0027|GBP:+0.0004|EUR:-0.0003|JPY:-0.0009|g:15479:1.33812916:1.34018916:1.33400917,momentum,continuation,support,bearish,15484,15485,2026-03-24 20:00:00+00:00,2026-03-24 21:00:00+00:00,1.3401891589164734,1.3404571967482566,1.3404571967482566,1.339184599738225,3.7478,4135.7883,4135.7883,41.3579,206789.4158,-41.3579,-0.00019999999999992683,-0.01,-1.0,margin_stop,3.7478260869565223
433,GBPJPY=X,short,alexg5|GBPJPY|USD>AUD|bearish|continuation|support|momentum|USD:+0.0061|JPY:-0.0000|EUR:-0.0019|GBP:-0.0023|g:15535:212.77200317:213.18600464:211.94400024,momentum,continuation,support,bearish,15540,15541,2026-03-26 22:00:00+00:00,2026-03-26 23:00:00+00:00,213.18600463867188,213.02583706649114,213.22864183959962,213.02583706649114,3.7565,4094.4304,4094.4304,40.9443,204721.5216,153.8082,0.0007513043478262423,0.03756521739131211,3.756521739131211,take_profit,3.7565217391304344
434,GBPJPY=X,short,alexg5|GBPJPY|USD>CHF|bearish|continuation|support|momentum|USD:+0.0025|JPY:+0.0003|EUR:+0.0001|CAD:-0.0011|g:15553:212.33200073:212.62400055:211.74800110,momentum,continuation,support,bearish,15555,15556,2026-03-27 13:00:00+00:00,2026-03-27 14:00:00+00:00,212.6240005493164,212.66652534942625,212.66652534942625,212.46526573511326,3.7328,4248.2386,4248.2386,42.4824,212411.9301,-42.4824,-0.0001999999999999153,-0.01,-1.0,margin_stop,3.7327586206896552
435,EURUSD=X,short,alexg5|EURUSD|USD>AUD|bearish|continuation|support|momentum|USD:+0.0037|GBP:-0.0008|JPY:-0.0009|EUR:-0.0012|g:15541:1.15220642:1.15495401:1.14521301,momentum,continuation,support,bearish,15549,15550,2026-03-27 15:00:00+00:00,2026-03-27 16:00:00+00:00,1.154954005241394,1.154089781037472,1.1551849960424423,1.154089781037472,3.7414,4205.7562,4205.7562,42.0576,210287.8108,157.3533,0.000748275862069019,0.03741379310345095,3.741379310345095,take_profit,3.7413793103448274
436,EURJPY=X,short,alexg5|EURJPY|JPY>GBP|bearish|continuation|support|momentum|JPY:+0.0078|USD:+0.0048|CAD:-0.0041|CHF:-0.0043|g:15584:182.66299438:182.96999359:182.04899597,momentum,continuation,support,bearish,15587,15588,2026-03-30 18:00:00+00:00,2026-03-30 19:00:00+00:00,182.9699935913086,183.00658759002684,183.00658759002684,182.83393898068948,3.7179,4363.1095,4363.1095,43.6311,218155.4755,-43.6311,-0.00019999999999991276,-0.01,-1.0,margin_stop,3.717948717948718
437,USDJPY=X,short,alexg5|USDJPY|AUD>USD|bearish|continuation|support|momentum|AUD:+0.0074|EUR:+0.0054|NZD:+0.0052|JPY:+0.0020|g:15513:158.71000671:158.94100952:158.24800110,momentum,continuation,support,bearish,15519,15520,2026-04-01 01:00:00+00:00,2026-04-01 02:00:00+00:00,158.94100952148438,158.822550922935,158.97279772338868,158.822550922935,3.7265,4319.4784,4319.4784,43.1948,215973.9207,160.9652,0.0007452991452993687,0.03726495726496844,3.726495726496844,take_profit,3.7264957264957266
438,GBPJPY=X,long,alexg5|GBPJPY|AUD>JPY|bullish|continuation|resistance|momentum|AUD:+0.0059|GBP:+0.0015|CHF:+0.0013|EUR:+0.0011|g:15666:211.25100708:210.82375266:212.10699463,momentum,continuation,resistance,bullish,15673,15674,2026-04-03 12:00:00+00:00,2026-04-03 13:00:00+00:00,210.8237526550293,210.78158790449828,210.78158790449828,210.9799051633518,3.7034,4480.4436,4480.4436,44.8044,224022.1796,-44.8044,-0.0002000000000000422,-0.01,-1.0,margin_stop,3.7033898305084745
439,AUDUSD=X,short,alexg5|AUDUSD|USD>NZD|bearish|continuation|support|momentum|USD:+0.0026|JPY:+0.0011|EUR:-0.0007|GBP:-0.0015|g:15774:0.68912286:0.69007000:0.68722856,momentum,continuation,support,bearish,15778,15779,2026-04-06 02:00:00+00:00,2026-04-06 03:00:00+00:00,0.6900700032711029,0.6902080172717571,0.6902080172717571,0.6895577140144374,3.7119,4435.6392,4435.6392,44.3564,221781.9578,-44.3564,-0.0001999999999999166,-0.01,-1.0,margin_stop,3.7118644067796613
440,GBPUSD=X,long,alexg5|GBPUSD|AUD>CHF|bullish|bounce|support|rejection|AUD:+0.0046|CAD:+0.0035|JPY:+0.0003|EUR:-0.0003|g:15881:1.35474920:1.35271323:1.35882115,rejection,bounce,support,bullish,15883,15884,2026-04-16 14:00:00+00:00,2026-04-16 15:00:00+00:00,1.3527132272720337,1.3524426846265794,1.3524426846265794,1.3537197376224952,3.7203,4391.2828,4391.2828,43.9128,219564.1383,-43.9128,-0.00019999999999995168,-0.01,-1.0,margin_stop,3.7203389830508473
441,EURUSD=X,short,alexg5|EURUSD|AUD>NZD|bearish|continuation|support|momentum|AUD:+0.0034|CAD:+0.0033|USD:+0.0001|GBP:-0.0004|g:15880:1.17730165:1.18028354:1.16495812,momentum,continuation,support,bearish,15903,15904,2026-04-17 12:00:00+00:00,2026-04-17 13:00:00+00:00,1.1802835371494294,1.1805195938568591,1.1805195938568591,1.1794033256979963,3.7288,4347.3699,4347.3699,43.4737,217368.4969,-43.4737,-0.00019999999999989837,-0.01,-1.0,margin_stop,3.7288135593220337
442,GBPUSD=X,short,alexg5|GBPUSD|CAD>GBP|bearish|continuation|support|momentum|CAD:+0.0037|EUR:+0.0021|CHF:+0.0017|AUD:+0.0006|g:15903:1.35227418:1.35722204:1.33831906,momentum,continuation,support,bearish,15905,15906,2026-04-17 12:00:00+00:00,2026-04-17 13:00:00+00:00,1.3572220442295075,1.3574934886383534,1.3574934886383534,1.356209878637201,3.7288,4303.8962,4347.3699,43.039,215194.8119,-43.039,-0.0001999999999999662,-0.01,-1.0,margin_stop,3.7288135593220337
443,NZDUSD=X,short,alexg5|NZDUSD|USD>NZD|bearish|continuation|support|momentum|USD:+0.0022|CAD:+0.0020|EUR:-0.0002|JPY:-0.0006|g:15981:0.58868545:0.59007230:0.58589172,momentum,continuation,support,bearish,15994,15995,2026-04-17 12:00:00+00:00,2026-04-17 13:00:00+00:00,0.5900723041892052,0.590190318650043,0.590190318650043,0.589632250267437,3.7288,4260.8573,4347.3699,42.6086,213042.8638,-42.6086,-0.00019999999999995073,-0.01,-1.0,margin_stop,3.7288135593220337
444,EURJPY=X,short,alexg5|EURJPY|CHF>EUR|bearish|bounce|resistance|bearish_engulfing|CHF:+0.0035|JPY:+0.0034|NZD:+0.0013|CAD:+0.0003|g:15937:186.78799438:187.01199341:186.33999634,bearish_engulfing,bounce,resistance,bearish,15940,15941,2026-04-20 16:00:00+00:00,2026-04-20 17:00:00+00:00,187.01199340820312,187.04939580688477,187.04939580688477,186.87157592840677,3.7542,4218.2487,4218.2487,42.1825,210912.4351,-42.1825,-0.00020000000000004815,-0.01,-1.0,margin_stop,3.7542372881355934
445,EURUSD=X,short,alexg5|EURUSD|USD>AUD|bearish|continuation|support|momentum|USD:+0.0042|GBP:-0.0004|CAD:-0.0018|JPY:-0.0019|g:15955:1.17302048:1.17541856:1.16822433,momentum,continuation,support,bearish,15956,15957,2026-04-21 20:00:00+00:00,2026-04-21 21:00:00+00:00,1.1754185557365417,1.175653639447689,1.175653639447689,1.174534003467479,3.7627,4176.0662,4176.0662,41.7607,208803.3108,-41.7607,-0.00020000000000002056,-0.01,-1.0,margin_stop,3.7627118644067794
446,AUDUSD=X,short,alexg5|AUDUSD|USD>CHF|bearish|continuation|support|momentum|USD:+0.0026|NZD:+0.0008|GBP:-0.0000|CAD:-0.0010|g:16052:0.71520525:0.71703982:0.71153611,momentum,continuation,support,bearish,16065,16066,2026-04-22 05:00:00+00:00,2026-04-22 06:00:00+00:00,0.7170398235321045,0.7171832314968108,0.7171832314968108,0.7164990053601187,3.7712,4134.3056,4134.3056,41.3431,206715.2777,-41.3431,-0.0001999999999999076,-0.01,-1.0,margin_stop,3.771186440677966
447,AUDUSD=X,long,alexg5|AUDUSD|NZD>USD|bullish|continuation|resistance|momentum|NZD:+0.0070|AUD:+0.0066|CAD:+0.0041|CHF:+0.0014|g:16154:0.71926922:0.71783042:0.72214681,momentum,continuation,resistance,bullish,16157,16158,2026-04-28 02:00:00+00:00,2026-04-28 03:00:00+00:00,0.7178304195404053,0.7183730506711087,0.7176868534564972,0.7183730506711087,3.7797,4092.9625,4092.9625,40.9296,204648.1249,154.7001,0.0007559322033898071,0.037796610169490354,3.7796610169490354,take_profit,3.7796610169491527
448,EURJPY=X,long,alexg5|EURJPY|NZD>USD|bullish|continuation|resistance|bullish_engulfing|NZD:+0.0056|AUD:+0.0054|CAD:+0.0034|GBP:+0.0003|g:16065:186.82600403:186.52017473:187.69599915,bullish_engulfing,continuation,resistance,bullish,16070,16071,2026-04-28 03:00:00+00:00,2026-04-28 04:00:00+00:00,186.52017472839356,186.4828706934479,186.4828706934479,186.66029996890373,3.7563,4247.6626,4247.6626,42.4766,212383.1303,-42.4766,-0.00019999999999991596,-0.01,-1.0,margin_stop,3.756302521008403
449,NZDUSD=X,long,alexg5|NZDUSD|CAD>CHF|bullish|continuation|resistance|momentum|CAD:+0.0021|JPY:+0.0018|NZD:+0.0016|AUD:+0.0015|g:16149:0.59031880:0.58933985:0.59227669,momentum,continuation,resistance,bullish,16152,16153,2026-04-28 06:00:00+00:00,2026-04-28 07:00:00+00:00,0.5893398523330688,0.5892219843626022,0.5892219843626022,0.5897835905748257,3.7647,4205.186,4205.186,42.0519,210259.299,-42.0519,-0.00020000000000005335,-0.01,-1.0,margin_stop,3.764705882352941
450,GBPUSD=X,long,alexg5|GBPUSD|NZD>USD|bullish|continuation|resistance|momentum|NZD:+0.0051|AUD:+0.0042|GBP:+0.0026|CAD:+0.0021|g:16033:1.35215533:1.34961942:1.35882115,momentum,continuation,resistance,bullish,16066,16067,2026-04-28 09:00:00+00:00,2026-04-28 10:00:00+00:00,1.3496194242239,1.3493495003390552,1.3493495003390552,1.3506378765289022,3.7731,4163.1341,4163.1341,41.6313,208156.706,-41.6313,-0.0001999999999999428,-0.01,-1.0,margin_stop,3.773109243697479
451,EURGBP=X,long,alexg5|EURGBP|USD>NZD|bullish|bounce|support|bullish_engulfing|USD:+0.0026|EUR:+0.0009|GBP:+0.0002|AUD:-0.0021|g:16110:0.86641002:0.86568004:0.86786997,bullish_engulfing,bounce,support,bullish,16126,16127,2026-04-29 21:00:00+00:00,2026-04-29 22:00:00+00:00,0.8656800389289856,0.8663347549248143,0.8655069029211998,0.8663347549248143,3.7815,4121.5028,4121.5028,41.215,206075.139,155.8551,0.0007563025210084324,0.037815126050421616,3.7815126050421615,take_profit,3.781512605042017
452,EURUSD=X,short,alexg5|EURUSD|JPY>EUR|bearish|continuation|support|momentum|JPY:+0.0211|CHF:+0.0055|NZD:+0.0017|CAD:+0.0015|g:16114:1.17082310:1.17253160:1.16740608,momentum,continuation,support,bearish,16117,16118,2026-04-30 14:00:00+00:00,2026-04-30 15:00:00+00:00,1.1725316047668457,1.1727661110877992,1.1727661110877992,1.171650251843929,3.7583,4277.3579,4277.3579,42.7736,213867.8963,-42.7736,-0.0002000000000000721,-0.01,-1.0,margin_stop,3.7583333333333337
453,NZDUSD=X,short,alexg5|NZDUSD|USD>NZD|bearish|continuation|support|momentum|USD:+0.0044|JPY:+0.0012|EUR:-0.0017|GBP:-0.0026|g:16260:0.58654463:0.58760726:0.58441937,momentum,continuation,support,bearish,16266,16267,2026-05-05 06:00:00+00:00,2026-05-05 07:00:00+00:00,0.5876072645187378,0.5877247859716416,0.5877247859716416,0.5871646003794669,3.7667,4234.5843,4234.5843,42.3458,211729.2173,-42.3458,-0.0002000000000000541,-0.01,-1.0,margin_stop,3.766666666666666
454,USDJPY=X,long,alexg5|USDJPY|NZD>JPY|bullish|continuation|resistance|momentum|NZD:+0.0044|AUD:+0.0040|GBP:+0.0033|CHF:+0.0023|g:16093:157.78300476:157.16822102:159.83999634,momentum,continuation,resistance,bullish,16105,16106,2026-05-06 04:00:00+00:00,2026-05-06 05:00:00+00:00,157.16822102355957,157.13678737935487,157.13678737935487,157.2868830304323,3.775,4192.2385,4192.2385,41.9224,209611.9252,-41.9224,-0.00019999999999990205,-0.01,-1.0,margin_stop,3.775
455,GBPUSD=X,long,alexg5|GBPUSD|JPY>USD|bullish|bounce|support|bullish_engulfing|JPY:+0.0076|NZD:+0.0061|CHF:+0.0041|AUD:+0.0022|g:16220:1.36056268:1.35799849:1.36569107,bullish_engulfing,bounce,support,bullish,16236,16237,2026-05-07 17:00:00+00:00,2026-05-07 18:00:00+00:00,1.3579984903335571,1.3577268906354905,1.3577268906354905,1.359026042524576,3.7833,4150.3161,4150.3161,41.5032,207515.8059,-41.5032,-0.00019999999999997044,-0.01,-1.0,margin_stop,3.783333333333333
456,NZDUSD=X,long,alexg5|NZDUSD|JPY>USD|bullish|bounce|support|bullish_engulfing|JPY:+0.0076|NZD:+0.0061|CHF:+0.0041|AUD:+0.0022|g:16309:0.59648079:0.59514061:0.59916115,bullish_engulfing,bounce,support,bullish,16325,16326,2026-05-07 17:00:00+00:00,2026-05-07 18:00:00+00:00,0.5951406061649323,0.5950215780436993,0.5950215780436993,0.595590929223597,3.7833,4108.813,4150.3161,41.0881,205440.6479,-41.0881,-0.00020000000000000448,-0.01,-1.0,margin_stop,3.783333333333333
457,GBPJPY=X,long,alexg5|GBPJPY|GBP>JPY|bullish|continuation|resistance|momentum|GBP:+0.0025|AUD:+0.0019|CAD:+0.0019|NZD:+0.0018|g:16287:214.35499573:213.82864427:215.84700012,momentum,continuation,resistance,bullish,16293,16294,2026-05-11 21:00:00+00:00,2026-05-11 22:00:00+00:00,213.82864427185058,213.78587854299622,213.78587854299622,213.99115404149717,3.8,4067.7248,4067.7248,40.6772,203386.2414,-40.6772,-0.0001999999999999658,-0.01,-1.0,margin_stop,3.8000000000000003
458,EURUSD=X,long,alexg5|EURUSD|CHF>JPY|bullish|continuation|resistance|momentum|CHF:+0.0027|AUD:+0.0024|EUR:+0.0024|GBP:+0.0013|g:16270:1.17716300:1.17577404:1.17994094,momentum,continuation,resistance,bullish,16293,16294,2026-05-12 05:00:00+00:00,2026-05-12 06:00:00+00:00,1.1757740378379822,1.1755388830304145,1.1755388830304145,1.1766695857301357,3.8083,4027.0476,4027.0476,40.2705,201352.379,-40.2705,-0.00020000000000003625,-0.01,-1.0,margin_stop,3.8083333333333336
459,USDJPY=X,long,alexg5|USDJPY|EUR>JPY|bullish|continuation|resistance|momentum|EUR:+0.0009|USD:+0.0009|GBP:+0.0007|NZD:-0.0001|g:16195:157.41999817:157.07158391:160.47799683,momentum,continuation,resistance,bullish,16200,16201,2026-05-12 05:00:00+00:00,2026-05-12 06:00:00+00:00,157.07158390808107,157.04016959129945,157.04016959129945,157.1912200978244,3.8083,3986.7771,4027.0476,39.8678,199338.8552,-39.8678,-0.0002000000000000318,-0.01,-1.0,margin_stop,3.8083333333333336
460,EURGBP=X,long,alexg5|EURGBP|USD>CHF|bullish|bounce|support|rejection|USD:+0.0027|JPY:+0.0002|EUR:-0.0011|AUD:-0.0012|g:16337:0.86694998:0.86588305:0.86974001,rejection,bounce,support,bullish,16344,16345,2026-05-13 06:00:00+00:00,2026-05-13 07:00:00+00:00,0.8658830519318581,0.8657098753214717,0.8657098753214717,0.8665454524665861,3.825,3946.9093,3946.9093,39.4691,197345.4666,-39.4691,-0.00020000000000003877,-0.01,-1.0,margin_stop,3.8249999999999997
461,AUDUSD=X,long,alexg5|AUDUSD|AUD>CAD|bullish|bounce|support|rejection|AUD:+0.0021|CHF:+0.0017|NZD:+0.0007|EUR:+0.0005|g:16586:0.71362311:0.71321526:0.71443880,rejection,bounce,support,bullish,16588,16589,2026-05-22 09:00:00+00:00,2026-05-22 10:00:00+00:00,0.7132152616977692,0.7130726186454296,0.7130726186454296,0.7137620600650709,3.8333,3907.4402,3907.4402,39.0744,195372.012,-39.0744,-0.00020000000000002964,-0.01,-1.0,margin_stop,3.8333333333333335
462,GBPJPY=X,short,alexg5|GBPJPY|CHF>CAD|bearish|bounce|resistance|rejection|CHF:+0.0016|USD:+0.0004|JPY:+0.0004|GBP:+0.0001|g:16497:213.57499695:213.91956865:212.86300659,rejection,bounce,resistance,bearish,16500,16501,2026-05-22 13:00:00+00:00,2026-05-22 14:00:00+00:00,213.919568649292,213.75520711404644,213.96235256302185,213.75520711404644,3.8417,3868.3658,3868.3658,38.6837,193418.2918,148.6097,0.000768333333333369,0.03841666666666845,3.8416666666668453,take_profit,3.841666666666667
463,USDJPY=X,short,alexg5|USDJPY|CHF>USD|bearish|continuation|support|momentum|CHF:+0.0063|AUD:+0.0047|GBP:+0.0037|NZD:+0.0015|g:16415:158.90800476:159.15190422:158.28399658,momentum,continuation,support,bearish,16438,16439,2026-05-26 07:00:00+00:00,2026-05-26 08:00:00+00:00,159.15190422058106,159.18373460142516,159.18373460142516,159.03037003917632,3.8182,4016.9756,4016.9756,40.1698,200848.7779,-40.1698,-0.00019999999999989013,-0.01,-1.0,margin_stop,3.818181818181818
464,USDCHF=X,short,alexg5|USDCHF|NZD>USD|bearish|continuation|support|momentum|NZD:+0.0122|AUD:+0.0057|CHF:+0.0056|CAD:+0.0042|g:16552:0.78328001:0.78454003:0.78075999,momentum,continuation,support,bearish,16554,16555,2026-05-29 08:00:00+00:00,2026-05-29 09:00:00+00:00,0.7845400273799896,0.7839396273259783,0.7846969353854656,0.7839396273259783,3.8264,3976.8058,3976.8058,39.7681,198840.2901,152.1703,0.0007652892561981346,0.03826446280990674,3.826446280990673,take_profit,3.826446280991736
465,USDCHF=X,short,alexg5|USDCHF|GBP>JPY|bearish|bounce|resistance|rejection|GBP:+0.0033|AUD:+0.0032|NZD:+0.0008|EUR:+0.0007|g:16576:0.78307003:0.78422505:0.78075999,rejection,bounce,resistance,bearish,16577,16578,2026-06-01 09:00:00+00:00,2026-06-01 10:00:00+00:00,0.7842250466346741,0.784381891644001,0.784381891644001,0.7836285213532996,3.8033,4128.9761,4128.9761,41.2898,206448.807,-41.2898,-0.0001999999999999418,-0.01,-1.0,margin_stop,3.8032786885245904
466,AUDUSD=X,short,alexg5|AUDUSD|USD>NZD|bearish|continuation|support|momentum|USD:+0.0045|GBP:+0.0007|JPY:-0.0013|CAD:-0.0018|g:16734:0.71433675:0.71550655:0.71199715,momentum,continuation,support,bearish,16736,16737,2026-06-01 15:00:00+00:00,2026-06-01 16:00:00+00:00,0.7155065536499023,0.7156496549606323,0.7156496549606323,0.71496112652294,3.8115,4087.6864,4087.6864,40.8769,204384.3189,-40.8769,-0.00019999999999991634,-0.01,-1.0,margin_stop,3.8114754098360653
467,EURUSD=X,long,alexg5|EURUSD|NZD>JPY|bullish|continuation|resistance|momentum|NZD:+0.0036|GBP:+0.0035|EUR:+0.0031|CHF:+0.0020|g:16773:1.15647042:1.15344542:1.16252041,momentum,continuation,resistance,bullish,16780,16781,2026-06-09 16:00:00+00:00,2026-06-09 17:00:00+00:00,1.1534454226493835,1.154326579316522,1.1532147335648537,1.154326579316522,3.8197,4046.8095,4046.8095,40.4681,202340.4757,154.5749,0.0007639344262293311,0.03819672131146656,3.8196721311466555,take_profit,3.8196721311475406
468,GBPJPY=X,long,alexg5|GBPJPY|CHF>NZD|bullish|bounce|support|bullish_engulfing|CHF:+0.0010|CAD:+0.0007|EUR:+0.0004|USD:+0.0004|g:16824:214.80999756:214.55649567:215.31700134,bullish_engulfing,bounce,support,bullish,16828,16829,2026-06-11 08:00:00+00:00,2026-06-11 09:00:00+00:00,214.5564956665039,214.5135843673706,214.5135843673706,214.71941905427016,3.7967,4201.3844,4201.3844,42.0138,210069.2185,-42.0138,-0.00019999999999996968,-0.01,-1.0,margin_stop,3.796747967479675
469,AUDUSD=X,short,alexg5|AUDUSD|USD>NZD|bearish|continuation|support|momentum|USD:+0.0017|JPY:+0.0014|EUR:-0.0002|CHF:-0.0003|g:16984:0.70641428:0.70780605:0.70363075,momentum,continuation,support,bearish,16993,16994,2026-06-16 10:00:00+00:00,2026-06-16 11:00:00+00:00,0.7078060507774353,0.7072674276363557,0.7079476119875908,0.7072674276363557,3.8049,4159.3705,4159.3705,41.5937,207968.5263,158.259,0.0007609756097562934,0.03804878048781467,3.804878048781467,take_profit,3.8048780487804876
470,NZDUSD=X,short,alexg5|NZDUSD|CHF>NZD|bearish|continuation|support|momentum|CHF:+0.0029|JPY:+0.0008|USD:+0.0004|CAD:-0.0002|g:17009:0.58105755:0.58211169:0.57893819,momentum,continuation,support,bearish,17012,17013,2026-06-17 14:00:00+00:00,2026-06-17 15:00:00+00:00,0.5821116881370545,0.5816713488116734,0.5822281104746819,0.5816713488116734,3.7823,4317.6295,4317.6295,43.1763,215881.4751,163.3039,0.0007564516129032745,0.037822580645163716,3.782258064516372,take_profit,3.782258064516129
471,GBPUSD=X,long,alexg5|GBPUSD|GBP>CAD|bullish|bounce|support|bullish_engulfing|GBP:+0.0025|USD:+0.0010|NZD:+0.0009|EUR:-0.0001|g:17132:1.32371438:1.32288104:1.32538104,bullish_engulfing,bounce,support,bullish,17134,17135,2026-06-30 11:00:00+00:00,2026-06-30 12:00:00+00:00,1.322881042957306,1.3226164667487146,1.3226164667487146,1.3238758495016092,3.76,4480.9334,4480.9334,44.8093,224046.6696,-44.8093,-0.00019999999999989875,-0.01,-1.0,margin_stop,3.7600000000000002
472,EURUSD=X,short,alexg5|EURUSD|GBP>CHF|bearish|continuation|support|momentum|GBP:+0.0030|AUD:+0.0010|NZD:+0.0006|USD:+0.0006|g:17157:1.13752699:1.13984662:1.13288772,momentum,continuation,support,bearish,17158,17159,2026-07-01 13:00:00+00:00,2026-07-01 14:00:00+00:00,1.1398466229438782,1.140074592268467,1.140074592268467,1.1389876345288277,3.768,4436.1241,4436.1241,44.3612,221806.2029,-44.3612,-0.00020000000000001684,-0.01,-1.0,margin_stop,3.7680000000000002
